id,binsize,name,file_path,value_type,collection_id,intervals_id,file_path_feature_values,cluster_id_path,feature_distribution_path,thumbnail_path,normalization,cluster_number,dataset_id
17228,5000,1bebee1bf6564beaa1b4b8bca8b0dab7_embedding.npy,/code/temp/1bebee1bf6564beaa1b4b8bca8b0dab7_embedding.npy,2d-embedding,NULL,1448,NULL,/code/temp/92483fc683c6454b9c112c556cbc39f6_cluster_ids_small.npy,NULL,/code/temp/ca48995d621a42d1a6a96ddf8802757a_thumbnails_small.npy,ICCF,small,477
17229,5000,1bebee1bf6564beaa1b4b8bca8b0dab7_embedding.npy,/code/temp/1bebee1bf6564beaa1b4b8bca8b0dab7_embedding.npy,2d-embedding,NULL,1448,NULL,/code/temp/8e2d394d82314b17bebdb13a52480e00_cluster_ids_large.npy,NULL,/code/temp/0f165154813049a8b08ebb6f89f74190_thumbnails_large.npy,ICCF,large,477
17236,5000,acd4880bf6fb4ce18c541c76cba662aa_embedding.npy,/code/temp/acd4880bf6fb4ce18c541c76cba662aa_embedding.npy,2d-embedding,NULL,1448,NULL,/code/temp/a1068dd0c0bd4aa6b5cf63393946c2e8_cluster_ids_small.npy,NULL,/code/temp/7b9bf74f305f4d5d840c94e4e27038b7_thumbnails_small.npy,Obs/Exp,small,477
17237,5000,acd4880bf6fb4ce18c541c76cba662aa_embedding.npy,/code/temp/acd4880bf6fb4ce18c541c76cba662aa_embedding.npy,2d-embedding,NULL,1448,NULL,/code/temp/ec096e0515754ee39b17a1f5cebf90ef_cluster_ids_large.npy,NULL,/code/temp/871586d64b6948fa9b97d1f7c6da4e57_thumbnails_large.npy,Obs/Exp,large,477
17434,2000,b6f7f9441f1b4e00b1275f274f419b2a_embedding.npy,/code/temp/b6f7f9441f1b4e00b1275f274f419b2a_embedding.npy,1d-embedding,81,1448,/code/temp/682319e3dc384650a13de881aaa3d5e8_features.npy,/code/temp/038e55b6013244daa572b5598d747971_cluster_ids_small.npy,NULL,/code/temp/15e0820f3e19483f8ed06d9d685a2abd_average_values_small.npy,NULL,small,NULL
17435,2000,b6f7f9441f1b4e00b1275f274f419b2a_embedding.npy,/code/temp/b6f7f9441f1b4e00b1275f274f419b2a_embedding.npy,1d-embedding,81,1448,/code/temp/682319e3dc384650a13de881aaa3d5e8_features.npy,/code/temp/6fdead0a156b4679aa9fafd21a25143d_cluster_ids_large.npy,NULL,/code/temp/c6e6d8e569ad4e42a827e2457809458a_average_values_large.npy,NULL,large,NULL
17440,1000,dc58b31988484d5d89b8e451de959b8b_embedding.npy,/code/temp/dc58b31988484d5d89b8e451de959b8b_embedding.npy,1d-embedding,81,1448,/code/temp/418f60d92dc84e4cbb5be39f0cd0a7bf_features.npy,/code/temp/2a3faa5a83e94a56a5f482ec38463b0d_cluster_ids_small.npy,NULL,/code/temp/5a69c59e826842bd845384e472843dc6_average_values_small.npy,NULL,small,NULL
17441,1000,dc58b31988484d5d89b8e451de959b8b_embedding.npy,/code/temp/dc58b31988484d5d89b8e451de959b8b_embedding.npy,1d-embedding,81,1448,/code/temp/418f60d92dc84e4cbb5be39f0cd0a7bf_features.npy,/code/temp/2d14111c4eb14b9c921ca5cea40fa49e_cluster_ids_large.npy,NULL,/code/temp/b42f024750e94adcbbe9ab5f8b3145e6_average_values_large.npy,NULL,large,NULL
17454,5000,559752b85e2940c39a9a7a852c90fc5b_embedding.npy,/code/temp/559752b85e2940c39a9a7a852c90fc5b_embedding.npy,2d-embedding,NULL,1448,NULL,/code/temp/bdb0d4c8afb54c969555744ad07657c7_cluster_ids_small.npy,NULL,/code/temp/d2139631721147388886b05d9e15733f_thumbnails_small.npy,ICCF,small,146
17455,5000,559752b85e2940c39a9a7a852c90fc5b_embedding.npy,/code/temp/559752b85e2940c39a9a7a852c90fc5b_embedding.npy,2d-embedding,NULL,1448,NULL,/code/temp/f8a9d90bf07842018e691c836c323d9f_cluster_ids_large.npy,NULL,/code/temp/8897c53f15b1482188f391eafb6e0ab0_thumbnails_large.npy,ICCF,large,146
17468,5000,4fd49b2e61364610a69ee92d5c253edd_embedding.npy,/code/temp/4fd49b2e61364610a69ee92d5c253edd_embedding.npy,2d-embedding,NULL,1448,NULL,/code/temp/152ad0dd6a364aa3b44bd9db52a64b27_cluster_ids_small.npy,NULL,/code/temp/caf294faf3a441a399c33d7979cb8fea_thumbnails_small.npy,Obs/Exp,small,146
17469,5000,4fd49b2e61364610a69ee92d5c253edd_embedding.npy,/code/temp/4fd49b2e61364610a69ee92d5c253edd_embedding.npy,2d-embedding,NULL,1448,NULL,/code/temp/a914ad75fcfa4b4aba1493fd73b45b54_cluster_ids_large.npy,NULL,/code/temp/80b6d48efa63480ca2d701f45c2943ba_thumbnails_large.npy,Obs/Exp,large,146
21426,2000,864587f875fc47f38dc566c9e6474fc5_embedding.npy,/code/temp/864587f875fc47f38dc566c9e6474fc5_embedding.npy,2d-embedding,NULL,1448,NULL,/code/temp/a07236fc44da4e3a8f0a1895b799ab5d_cluster_ids_small.npy,NULL,/code/temp/4d7753e30d5041c884a2b90aaf270c0a_thumbnails_small.npy,ICCF,small,146
21427,2000,864587f875fc47f38dc566c9e6474fc5_embedding.npy,/code/temp/864587f875fc47f38dc566c9e6474fc5_embedding.npy,2d-embedding,NULL,1448,NULL,/code/temp/0148d2aff0144d6abdb91263385b636d_cluster_ids_large.npy,NULL,/code/temp/edeba2187a04428a8baf52e2b4ba242f_thumbnails_large.npy,ICCF,large,146
21436,2000,208ebac7236144e5bcbde967ee74be95_embedding.npy,/code/temp/208ebac7236144e5bcbde967ee74be95_embedding.npy,2d-embedding,NULL,1448,NULL,/code/temp/11fcd37071854ffc8425fcce6cc8cca5_cluster_ids_small.npy,NULL,/code/temp/ff7b89b94e5246b0905cb7af56ca5f3a_thumbnails_small.npy,Obs/Exp,small,146
21437,2000,208ebac7236144e5bcbde967ee74be95_embedding.npy,/code/temp/208ebac7236144e5bcbde967ee74be95_embedding.npy,2d-embedding,NULL,1448,NULL,/code/temp/1cf98dcbbbb349e1af0a03484a0b86c5_cluster_ids_large.npy,NULL,/code/temp/517670596f0e4faf99a9d92256f1d730_thumbnails_large.npy,Obs/Exp,large,146
17242,5000,b3fa9000b9cb4cc7bc0c58b41d163b25_embedding.npy,/code/temp/b3fa9000b9cb4cc7bc0c58b41d163b25_embedding.npy,2d-embedding,NULL,1449,NULL,/code/temp/98848efc8a0a48b99af9c15816a17ea6_cluster_ids_small.npy,NULL,/code/temp/f59fe14f530b467da6783408124b0b0c_thumbnails_small.npy,ICCF,small,477
17243,5000,b3fa9000b9cb4cc7bc0c58b41d163b25_embedding.npy,/code/temp/b3fa9000b9cb4cc7bc0c58b41d163b25_embedding.npy,2d-embedding,NULL,1449,NULL,/code/temp/53155b2d6775434389a1c9ae65072ab3_cluster_ids_large.npy,NULL,/code/temp/1caa418a67994662a4c3ee61689f6436_thumbnails_large.npy,ICCF,large,477
17246,5000,046760b3636748698d36552c644b1cd5_embedding.npy,/code/temp/046760b3636748698d36552c644b1cd5_embedding.npy,2d-embedding,NULL,1449,NULL,/code/temp/6e611e90dbfc4c33986c7e52cdf3242f_cluster_ids_small.npy,NULL,/code/temp/768464be4b0841d888ba373baf75ddff_thumbnails_small.npy,Obs/Exp,small,477
17247,5000,046760b3636748698d36552c644b1cd5_embedding.npy,/code/temp/046760b3636748698d36552c644b1cd5_embedding.npy,2d-embedding,NULL,1449,NULL,/code/temp/948595f76d38446bb412dc2b89a9eaa1_cluster_ids_large.npy,NULL,/code/temp/dc8dc41e7f8246b5a227d3a105a6e405_thumbnails_large.npy,Obs/Exp,large,477
17432,10000,f86d46c43af24fffa666d7f2d50d4fa4_embedding.npy,/code/temp/f86d46c43af24fffa666d7f2d50d4fa4_embedding.npy,1d-embedding,81,1449,/code/temp/fdfb1c8712be437cb166b20d86cd8545_features.npy,/code/temp/e273895282784ee5aaf369965c67f5a8_cluster_ids_small.npy,NULL,/code/temp/eb3ada8764c34ff7b0fa5fd206d7afb6_average_values_small.npy,NULL,small,NULL
17433,10000,f86d46c43af24fffa666d7f2d50d4fa4_embedding.npy,/code/temp/f86d46c43af24fffa666d7f2d50d4fa4_embedding.npy,1d-embedding,81,1449,/code/temp/fdfb1c8712be437cb166b20d86cd8545_features.npy,/code/temp/c5bfa97fbe2647d299d29b99736d1535_cluster_ids_large.npy,NULL,/code/temp/4c172a6245c9402fa06e0d269eaaf328_average_values_large.npy,NULL,large,NULL
17436,5000,bc0442a6184a4446a9f3d16aa135f7ed_embedding.npy,/code/temp/bc0442a6184a4446a9f3d16aa135f7ed_embedding.npy,1d-embedding,81,1449,/code/temp/4cdec2307a12424c9a2269d5c1f8adc4_features.npy,/code/temp/9d43d9e47f2b4b2ba372941857cf901b_cluster_ids_small.npy,NULL,/code/temp/91d5743bee8c42e8bed1542bfcacfbd4_average_values_small.npy,NULL,small,NULL
17437,5000,bc0442a6184a4446a9f3d16aa135f7ed_embedding.npy,/code/temp/bc0442a6184a4446a9f3d16aa135f7ed_embedding.npy,1d-embedding,81,1449,/code/temp/4cdec2307a12424c9a2269d5c1f8adc4_features.npy,/code/temp/451aeabb82784f208b10467084f5e808_cluster_ids_large.npy,NULL,/code/temp/8971139157a943a28c2425324f4419aa_average_values_large.npy,NULL,large,NULL
17438,2000,def238fc165c422193dc3e342f9ee870_embedding.npy,/code/temp/def238fc165c422193dc3e342f9ee870_embedding.npy,1d-embedding,81,1449,/code/temp/1753f9f2aa1b4b07a8e712c3c699c06e_features.npy,/code/temp/f03724302c554a3b89d4f4908d8ea448_cluster_ids_small.npy,NULL,/code/temp/27c02680127b404985d2560661b3c0fc_average_values_small.npy,NULL,small,NULL
17439,2000,def238fc165c422193dc3e342f9ee870_embedding.npy,/code/temp/def238fc165c422193dc3e342f9ee870_embedding.npy,1d-embedding,81,1449,/code/temp/1753f9f2aa1b4b07a8e712c3c699c06e_features.npy,/code/temp/df0f4f33fe2b4108b179f5c1d0ec46a5_cluster_ids_large.npy,NULL,/code/temp/c23bf82f417a480884f05d4105be9df0_average_values_large.npy,NULL,large,NULL
17452,5000,98fe1a234f5a45869fc8d748f6f18de7_embedding.npy,/code/temp/98fe1a234f5a45869fc8d748f6f18de7_embedding.npy,2d-embedding,NULL,1449,NULL,/code/temp/ebc9670c873842b2a33b513eba193b0c_cluster_ids_small.npy,NULL,/code/temp/ade393f6f9b44e2096deebace9defba1_thumbnails_small.npy,ICCF,small,146
17453,5000,98fe1a234f5a45869fc8d748f6f18de7_embedding.npy,/code/temp/98fe1a234f5a45869fc8d748f6f18de7_embedding.npy,2d-embedding,NULL,1449,NULL,/code/temp/70b5729b16c745f19131663aeecfcac8_cluster_ids_large.npy,NULL,/code/temp/a8227b8b61c14999ba297730c1d5cbed_thumbnails_large.npy,ICCF,large,146
17464,5000,aa59cd0abcc34b4793a23b0236b7814e_embedding.npy,/code/temp/aa59cd0abcc34b4793a23b0236b7814e_embedding.npy,2d-embedding,NULL,1449,NULL,/code/temp/e208d25aa1ca4a028d4acf4ab757d8a0_cluster_ids_small.npy,NULL,/code/temp/e9738be4c2df46f58ac685be8aaf7d2a_thumbnails_small.npy,Obs/Exp,small,146
17465,5000,aa59cd0abcc34b4793a23b0236b7814e_embedding.npy,/code/temp/aa59cd0abcc34b4793a23b0236b7814e_embedding.npy,2d-embedding,NULL,1449,NULL,/code/temp/9ef650e21d574837a023e3a365971138_cluster_ids_large.npy,NULL,/code/temp/517fe49bcc7846e294f87a2588fe1034_thumbnails_large.npy,Obs/Exp,large,146
17254,10000,86a1f90a62c64674ae7b0225fddd4348_embedding.npy,/code/temp/86a1f90a62c64674ae7b0225fddd4348_embedding.npy,2d-embedding,NULL,1450,NULL,/code/temp/74a39ecb94114d8aa57fe277180a9edd_cluster_ids_small.npy,NULL,/code/temp/6ba6d2a59c7f482db9db689b474f4410_thumbnails_small.npy,ICCF,small,477
17255,10000,86a1f90a62c64674ae7b0225fddd4348_embedding.npy,/code/temp/86a1f90a62c64674ae7b0225fddd4348_embedding.npy,2d-embedding,NULL,1450,NULL,/code/temp/b55bb36758e04c958877f1a132c2c0bd_cluster_ids_large.npy,NULL,/code/temp/44ba56a052634a309826a3e13c738656_thumbnails_large.npy,ICCF,large,477
17262,10000,9ac83e7acbac4b649486d19546bdd2f6_embedding.npy,/code/temp/9ac83e7acbac4b649486d19546bdd2f6_embedding.npy,2d-embedding,NULL,1450,NULL,/code/temp/2c410522ca48439b9f32b5fed022dcc0_cluster_ids_small.npy,NULL,/code/temp/7c67ca91b53e4ed8bfaf7e7c6faf66ea_thumbnails_small.npy,Obs/Exp,small,477
17263,10000,9ac83e7acbac4b649486d19546bdd2f6_embedding.npy,/code/temp/9ac83e7acbac4b649486d19546bdd2f6_embedding.npy,2d-embedding,NULL,1450,NULL,/code/temp/e5dda49df5d04f56af682c343922cf5a_cluster_ids_large.npy,NULL,/code/temp/3d94a4d700db42c796f8f490f875e8be_thumbnails_large.npy,Obs/Exp,large,477
17442,10000,ee4f24a0aacd410b8358e4b0597f3a58_embedding.npy,/code/temp/ee4f24a0aacd410b8358e4b0597f3a58_embedding.npy,1d-embedding,81,1450,/code/temp/62d9a163e02642d3934f13038532bf52_features.npy,/code/temp/3fe1c0c450b94598991d27c0aba875c6_cluster_ids_small.npy,NULL,/code/temp/65bd2d60b67942ac90aeefe1996e42b7_average_values_small.npy,NULL,small,NULL
17443,10000,ee4f24a0aacd410b8358e4b0597f3a58_embedding.npy,/code/temp/ee4f24a0aacd410b8358e4b0597f3a58_embedding.npy,1d-embedding,81,1450,/code/temp/62d9a163e02642d3934f13038532bf52_features.npy,/code/temp/6ce093ede9914a4e982308feb79c0a1b_cluster_ids_large.npy,NULL,/code/temp/0af44f542ea8408289e0c99ca46d70da_average_values_large.npy,NULL,large,NULL
17444,20000,bc02d383dd414383b42ba086dfe9dc17_embedding.npy,/code/temp/bc02d383dd414383b42ba086dfe9dc17_embedding.npy,1d-embedding,81,1450,/code/temp/f9fc59c7362b447a898d6f8e21a2fbc2_features.npy,/code/temp/a219e3d1f94e40038e9b66530d50067a_cluster_ids_small.npy,NULL,/code/temp/ac83539e5dc24d6495f5b3ce34b74d78_average_values_small.npy,NULL,small,NULL
17445,20000,bc02d383dd414383b42ba086dfe9dc17_embedding.npy,/code/temp/bc02d383dd414383b42ba086dfe9dc17_embedding.npy,1d-embedding,81,1450,/code/temp/f9fc59c7362b447a898d6f8e21a2fbc2_features.npy,/code/temp/982e17d249294a33ad427f1d4ced0be1_cluster_ids_large.npy,NULL,/code/temp/6281e5728271440397f2772d5ea24b30_average_values_large.npy,NULL,large,NULL
17446,5000,f831fe66d479440f93bd4f1dc51bc8a4_embedding.npy,/code/temp/f831fe66d479440f93bd4f1dc51bc8a4_embedding.npy,1d-embedding,81,1450,/code/temp/5ed52804a707498599f09f9d1c9c619d_features.npy,/code/temp/a2e4eac262e049598042eeb001bbf72f_cluster_ids_small.npy,NULL,/code/temp/595752e5d0414e4889ae1dd02e5a98aa_average_values_small.npy,NULL,small,NULL
17447,5000,f831fe66d479440f93bd4f1dc51bc8a4_embedding.npy,/code/temp/f831fe66d479440f93bd4f1dc51bc8a4_embedding.npy,1d-embedding,81,1450,/code/temp/5ed52804a707498599f09f9d1c9c619d_features.npy,/code/temp/6810f645bcee4b74bfb855772012115b_cluster_ids_large.npy,NULL,/code/temp/9383e3d12fd542c2a1abe9b32117a064_average_values_large.npy,NULL,large,NULL
17450,10000,388df112c65c4fdfa1686602b8361ef4_embedding.npy,/code/temp/388df112c65c4fdfa1686602b8361ef4_embedding.npy,2d-embedding,NULL,1450,NULL,/code/temp/2ca0965829b34a0aa8dfe20e6e322b38_cluster_ids_small.npy,NULL,/code/temp/03d223b794f7499e92c668a85eaae0c2_thumbnails_small.npy,ICCF,small,146
17451,10000,388df112c65c4fdfa1686602b8361ef4_embedding.npy,/code/temp/388df112c65c4fdfa1686602b8361ef4_embedding.npy,2d-embedding,NULL,1450,NULL,/code/temp/2e947c753e67498284304ab2bd4d1749_cluster_ids_large.npy,NULL,/code/temp/94e6699457b1456f8f8ea19ec83d6d37_thumbnails_large.npy,ICCF,large,146
17466,10000,87bc9a6a94a8468e9c23d48fb84a8d82_embedding.npy,/code/temp/87bc9a6a94a8468e9c23d48fb84a8d82_embedding.npy,2d-embedding,NULL,1450,NULL,/code/temp/d8dafe093f4149ec8ba1fa66b8a7cd68_cluster_ids_small.npy,NULL,/code/temp/4e651ca85dd040948663a679efe307d1_thumbnails_small.npy,Obs/Exp,small,146
17467,10000,87bc9a6a94a8468e9c23d48fb84a8d82_embedding.npy,/code/temp/87bc9a6a94a8468e9c23d48fb84a8d82_embedding.npy,2d-embedding,NULL,1450,NULL,/code/temp/c7e4d7ea6299423cadd44609c2e6b8b4_cluster_ids_large.npy,NULL,/code/temp/b24540af70004956a2627b5581fd0a68_thumbnails_large.npy,Obs/Exp,large,146
17266,20000,035c6381b83949fb845ac112bcc51f29_embedding.npy,/code/temp/035c6381b83949fb845ac112bcc51f29_embedding.npy,2d-embedding,NULL,1451,NULL,/code/temp/30ab496e29464a0d875bc86a3aae6da4_cluster_ids_small.npy,NULL,/code/temp/0ff879062f784ff0a17d48ed083433c9_thumbnails_small.npy,ICCF,small,477
17267,20000,035c6381b83949fb845ac112bcc51f29_embedding.npy,/code/temp/035c6381b83949fb845ac112bcc51f29_embedding.npy,2d-embedding,NULL,1451,NULL,/code/temp/20a9001477cb4084b6e71dbc403af8b6_cluster_ids_large.npy,NULL,/code/temp/d089cc91fe7a4af695d38a4f0c2edd6b_thumbnails_large.npy,ICCF,large,477
17276,20000,785f86ac4c1e4b75a82fc077d6ac14b0_embedding.npy,/code/temp/785f86ac4c1e4b75a82fc077d6ac14b0_embedding.npy,2d-embedding,NULL,1451,NULL,/code/temp/69577d1508934a2583cecd45de2bae45_cluster_ids_small.npy,NULL,/code/temp/1d8bf4bb162b488e9669de7e3b3d3192_thumbnails_small.npy,Obs/Exp,small,477
17277,20000,785f86ac4c1e4b75a82fc077d6ac14b0_embedding.npy,/code/temp/785f86ac4c1e4b75a82fc077d6ac14b0_embedding.npy,2d-embedding,NULL,1451,NULL,/code/temp/3675e51302f64e558d81328b25caaf7d_cluster_ids_large.npy,NULL,/code/temp/3c3ccbe1615b4eeea25ac654de1585b5_thumbnails_large.npy,Obs/Exp,large,477
17430,50000,f1f3ad136dba4e04ae008ad9c4660260_embedding.npy,/code/temp/f1f3ad136dba4e04ae008ad9c4660260_embedding.npy,1d-embedding,81,1451,/code/temp/018d73b1a92d40c495eb21ad35ba313c_features.npy,/code/temp/e8a09b4d0b114585a35ec1ffa5ddc591_cluster_ids_small.npy,NULL,/code/temp/6600edd9dabf41fdbba93447853012f7_average_values_small.npy,NULL,small,NULL
17431,50000,f1f3ad136dba4e04ae008ad9c4660260_embedding.npy,/code/temp/f1f3ad136dba4e04ae008ad9c4660260_embedding.npy,1d-embedding,81,1451,/code/temp/018d73b1a92d40c495eb21ad35ba313c_features.npy,/code/temp/8d50184ad05f488e866f2db7685a60b2_cluster_ids_large.npy,NULL,/code/temp/f5fedd9c91154a248df31889fd4b040e_average_values_large.npy,NULL,large,NULL
17448,20000,f93e9437dbd7465d9ddf0cffc6766fc0_embedding.npy,/code/temp/f93e9437dbd7465d9ddf0cffc6766fc0_embedding.npy,1d-embedding,81,1451,/code/temp/43287176c8b3493dbde959c44e16a0fa_features.npy,/code/temp/cf790d3931af478d978d6cb882dfb26f_cluster_ids_small.npy,NULL,/code/temp/64a1f5ea1a124130aa2cd4acf3eb1684_average_values_small.npy,NULL,small,NULL
17449,20000,f93e9437dbd7465d9ddf0cffc6766fc0_embedding.npy,/code/temp/f93e9437dbd7465d9ddf0cffc6766fc0_embedding.npy,1d-embedding,81,1451,/code/temp/43287176c8b3493dbde959c44e16a0fa_features.npy,/code/temp/23f0bc9401d04379b193761750144f8c_cluster_ids_large.npy,NULL,/code/temp/ea9187ffaebf4d7da4f158a2bb0eb538_average_values_large.npy,NULL,large,NULL
17458,100000,a2b99f5698d04c9cb18c4d7ad77b2371_embedding.npy,/code/temp/a2b99f5698d04c9cb18c4d7ad77b2371_embedding.npy,1d-embedding,81,1451,/code/temp/c92f28e1452948f49a5fba119b0dfbac_features.npy,/code/temp/ec61095f6ff74d6584075be6f9afd5a3_cluster_ids_small.npy,NULL,/code/temp/1b2fe9d3b9a74a87ad1c3da4db5b43c3_average_values_small.npy,NULL,small,NULL
17459,100000,a2b99f5698d04c9cb18c4d7ad77b2371_embedding.npy,/code/temp/a2b99f5698d04c9cb18c4d7ad77b2371_embedding.npy,1d-embedding,81,1451,/code/temp/c92f28e1452948f49a5fba119b0dfbac_features.npy,/code/temp/6f8f46d6cd1b46cdb06a8dcdc1716aca_cluster_ids_large.npy,NULL,/code/temp/d2ba0106d35a4ccca005bf38a0e007d6_average_values_large.npy,NULL,large,NULL
17472,20000,3703b60ae7634343b747aeee16738d9b_embedding.npy,/code/temp/3703b60ae7634343b747aeee16738d9b_embedding.npy,2d-embedding,NULL,1451,NULL,/code/temp/996db0b98edd4357bff6799af527a2fb_cluster_ids_small.npy,NULL,/code/temp/a597446405b5416681b0d783223b8b14_thumbnails_small.npy,ICCF,small,146
17473,20000,3703b60ae7634343b747aeee16738d9b_embedding.npy,/code/temp/3703b60ae7634343b747aeee16738d9b_embedding.npy,2d-embedding,NULL,1451,NULL,/code/temp/561824bfcc9146228171c9eb6926330e_cluster_ids_large.npy,NULL,/code/temp/678928c2a65c4ca8b9864c1c1f884eb6_thumbnails_large.npy,ICCF,large,146
17476,20000,a2a603bc2cfa4b2a84f674408ceda3a0_embedding.npy,/code/temp/a2a603bc2cfa4b2a84f674408ceda3a0_embedding.npy,2d-embedding,NULL,1451,NULL,/code/temp/116a9749e9084508a530f848ef860704_cluster_ids_small.npy,NULL,/code/temp/a987a68d4ead4a5593f9a084c52517aa_thumbnails_small.npy,Obs/Exp,small,146
17477,20000,a2a603bc2cfa4b2a84f674408ceda3a0_embedding.npy,/code/temp/a2a603bc2cfa4b2a84f674408ceda3a0_embedding.npy,2d-embedding,NULL,1451,NULL,/code/temp/c142e20b430249f995c9bc6d8aa4cc7f_cluster_ids_large.npy,NULL,/code/temp/4c3c15760e484c54b99356c357f9dce7_thumbnails_large.npy,Obs/Exp,large,146
17278,50000,69a08121044e40f3a835a01498a66218_embedding.npy,/code/temp/69a08121044e40f3a835a01498a66218_embedding.npy,2d-embedding,NULL,1452,NULL,/code/temp/c632cc560b3342ad80dfb7ece4de991e_cluster_ids_small.npy,NULL,/code/temp/97a4cfd73cf44bd284bad194c8d82af2_thumbnails_small.npy,ICCF,small,477
17279,50000,69a08121044e40f3a835a01498a66218_embedding.npy,/code/temp/69a08121044e40f3a835a01498a66218_embedding.npy,2d-embedding,NULL,1452,NULL,/code/temp/85054d5ddf9c42aa830756a40faa1702_cluster_ids_large.npy,NULL,/code/temp/4e0cb3040a5f40b082ee3d9c6ee5528e_thumbnails_large.npy,ICCF,large,477
17284,50000,e70225c90f0346898ecfc572c493cbd3_embedding.npy,/code/temp/e70225c90f0346898ecfc572c493cbd3_embedding.npy,2d-embedding,NULL,1452,NULL,/code/temp/9ca9c1d48b3e45d0a991cea7d64b83f9_cluster_ids_small.npy,NULL,/code/temp/0992bc991e484d54a79ccc625928491b_thumbnails_small.npy,Obs/Exp,small,477
17285,50000,e70225c90f0346898ecfc572c493cbd3_embedding.npy,/code/temp/e70225c90f0346898ecfc572c493cbd3_embedding.npy,2d-embedding,NULL,1452,NULL,/code/temp/54a2152b32914b88844499bf7a47201f_cluster_ids_large.npy,NULL,/code/temp/d56b3b1ce8a3485bbe5a667cbbe8c11b_thumbnails_large.npy,Obs/Exp,large,477
17456,50000,0906ba67fe53490ca423bffa293bd8bc_embedding.npy,/code/temp/0906ba67fe53490ca423bffa293bd8bc_embedding.npy,1d-embedding,81,1452,/code/temp/6c2e9cb90e6d487db5e26ab52abadfee_features.npy,/code/temp/7500ebf0dc6b428cb74db9a91943fbf2_cluster_ids_small.npy,NULL,/code/temp/64e94907582e492580c51805518abd81_average_values_small.npy,NULL,small,NULL
17457,50000,0906ba67fe53490ca423bffa293bd8bc_embedding.npy,/code/temp/0906ba67fe53490ca423bffa293bd8bc_embedding.npy,1d-embedding,81,1452,/code/temp/6c2e9cb90e6d487db5e26ab52abadfee_features.npy,/code/temp/4dec8d5afda547898f208e89817078bb_cluster_ids_large.npy,NULL,/code/temp/80718fc7f77944a5b7e23604f63e2c01_average_values_large.npy,NULL,large,NULL
17460,200000,b01a9211b4d04ea185fdc587dfd4da73_embedding.npy,/code/temp/b01a9211b4d04ea185fdc587dfd4da73_embedding.npy,1d-embedding,81,1452,/code/temp/2cf7ca44d8484dfd85a3c0d71de2b53b_features.npy,/code/temp/46c7f4251b804f99be2052ce4f980412_cluster_ids_small.npy,NULL,/code/temp/3856a9eef9324e5b9d4aef1a3a2e420d_average_values_small.npy,NULL,small,NULL
17461,200000,b01a9211b4d04ea185fdc587dfd4da73_embedding.npy,/code/temp/b01a9211b4d04ea185fdc587dfd4da73_embedding.npy,1d-embedding,81,1452,/code/temp/2cf7ca44d8484dfd85a3c0d71de2b53b_features.npy,/code/temp/2fae044d9a4942728867d044f3169315_cluster_ids_large.npy,NULL,/code/temp/9e16d0e972b4488584b5bd5e95f0d79f_average_values_large.npy,NULL,large,NULL
17462,100000,e34e9dcfe81240f186f5374ade567ef7_embedding.npy,/code/temp/e34e9dcfe81240f186f5374ade567ef7_embedding.npy,1d-embedding,81,1452,/code/temp/1488627dfdef405686d54ca35de23497_features.npy,/code/temp/8b3b15b017ef46f7a3ef7fbe026f9f0f_cluster_ids_small.npy,NULL,/code/temp/d0e6402caff94e9f8803017ab045aeef_average_values_small.npy,NULL,small,NULL
17463,100000,e34e9dcfe81240f186f5374ade567ef7_embedding.npy,/code/temp/e34e9dcfe81240f186f5374ade567ef7_embedding.npy,1d-embedding,81,1452,/code/temp/1488627dfdef405686d54ca35de23497_features.npy,/code/temp/8a6e0182db734d12b817c6dba6c673f1_cluster_ids_large.npy,NULL,/code/temp/d3943bd298744d70bce28b3ee215e468_average_values_large.npy,NULL,large,NULL
17470,50000,76b9056d1b904c84a298c468c7882135_embedding.npy,/code/temp/76b9056d1b904c84a298c468c7882135_embedding.npy,2d-embedding,NULL,1452,NULL,/code/temp/3d453fdef2274833b282b298dc83660e_cluster_ids_small.npy,NULL,/code/temp/6797a043d1934b02a974c75ac2124503_thumbnails_small.npy,ICCF,small,146
17471,50000,76b9056d1b904c84a298c468c7882135_embedding.npy,/code/temp/76b9056d1b904c84a298c468c7882135_embedding.npy,2d-embedding,NULL,1452,NULL,/code/temp/ba1cc451378340d39b8e474e1a11df4f_cluster_ids_large.npy,NULL,/code/temp/a3bd850b88df434786834c5b42b3022e_thumbnails_large.npy,ICCF,large,146
17474,50000,ecea70ee61ac4c10ad70567902004896_embedding.npy,/code/temp/ecea70ee61ac4c10ad70567902004896_embedding.npy,2d-embedding,NULL,1452,NULL,/code/temp/dac27fa11e0d4a01846bff8e2ef6aa2b_cluster_ids_small.npy,NULL,/code/temp/2e4f777c6c604b0296d42d6090fad77a_thumbnails_small.npy,Obs/Exp,small,146
17475,50000,ecea70ee61ac4c10ad70567902004896_embedding.npy,/code/temp/ecea70ee61ac4c10ad70567902004896_embedding.npy,2d-embedding,NULL,1452,NULL,/code/temp/9a1df9c3da3449e8836b81007e30d493_cluster_ids_large.npy,NULL,/code/temp/8c3c2bf723b5412badd7e75b18bc1868_thumbnails_large.npy,Obs/Exp,large,146
19890,5000,87ef429689d64fcc8d5f5c18403b0147_embedding.npy,/code/temp/87ef429689d64fcc8d5f5c18403b0147_embedding.npy,2d-embedding,NULL,1562,NULL,/code/temp/8c6481230d094a95be3594f75eb3b5b9_cluster_ids_small.npy,NULL,/code/temp/188ba3266de24f999ef18a6d43ccda7f_thumbnails_small.npy,ICCF,small,146
19891,5000,87ef429689d64fcc8d5f5c18403b0147_embedding.npy,/code/temp/87ef429689d64fcc8d5f5c18403b0147_embedding.npy,2d-embedding,NULL,1562,NULL,/code/temp/5b1991f273fa4daa9989a59c2bf7bd15_cluster_ids_large.npy,NULL,/code/temp/fad2e5a006a241c7aac2082264d67539_thumbnails_large.npy,ICCF,large,146
19896,5000,bb4d6386f8e84b34bab6364c48ca73c6_embedding.npy,/code/temp/bb4d6386f8e84b34bab6364c48ca73c6_embedding.npy,2d-embedding,NULL,1562,NULL,/code/temp/c994c18c0d9d42f5bcec0a50ca3d75ec_cluster_ids_small.npy,NULL,/code/temp/0e935d4703704c98bfb49ad5630964fa_thumbnails_small.npy,Obs/Exp,small,146
19897,5000,bb4d6386f8e84b34bab6364c48ca73c6_embedding.npy,/code/temp/bb4d6386f8e84b34bab6364c48ca73c6_embedding.npy,2d-embedding,NULL,1562,NULL,/code/temp/f9a27e91173243fbb0fe2f8f796d3dc4_cluster_ids_large.npy,NULL,/code/temp/6883941080684228ac82af0743e6e02e_thumbnails_large.npy,Obs/Exp,large,146
20020,2000,0b8ef9b75e964e1c8071a80dbd3909a3_embedding.npy,/code/temp/0b8ef9b75e964e1c8071a80dbd3909a3_embedding.npy,1d-embedding,81,1562,/code/temp/7085afb250e6452da453ea2265c425c5_features.npy,/code/temp/17416a589f474d32890181e3afd71565_cluster_ids_small.npy,NULL,/code/temp/c3e2b218928340a1acf85a4c8091a3fd_average_values_small.npy,NULL,small,NULL
20021,2000,0b8ef9b75e964e1c8071a80dbd3909a3_embedding.npy,/code/temp/0b8ef9b75e964e1c8071a80dbd3909a3_embedding.npy,1d-embedding,81,1562,/code/temp/7085afb250e6452da453ea2265c425c5_features.npy,/code/temp/af8ebaca4c874c4a83e52876d97e348a_cluster_ids_large.npy,NULL,/code/temp/4468360a774340f8a0f814b617ca8a57_average_values_large.npy,NULL,large,NULL
20022,1000,0f24b03c31e94aa18a2644981dbd33c8_embedding.npy,/code/temp/0f24b03c31e94aa18a2644981dbd33c8_embedding.npy,1d-embedding,81,1562,/code/temp/896460e3f5c04dd8a2d7650e98f56daa_features.npy,/code/temp/2f7eb41fedcb4b16b1e8fa21902353fb_cluster_ids_small.npy,NULL,/code/temp/2a9ed667929248a8a86e351105c921fc_average_values_small.npy,NULL,small,NULL
20023,1000,0f24b03c31e94aa18a2644981dbd33c8_embedding.npy,/code/temp/0f24b03c31e94aa18a2644981dbd33c8_embedding.npy,1d-embedding,81,1562,/code/temp/896460e3f5c04dd8a2d7650e98f56daa_features.npy,/code/temp/b90dcb2552ba4ae5a64924c03c206ee5_cluster_ids_large.npy,NULL,/code/temp/b7e889f086d04aac9e77d5e4d4c10f3e_average_values_large.npy,NULL,large,NULL
20120,5000,9ed7595a0adb43b5bab14e97eaa3cd61_embedding.npy,/code/temp/9ed7595a0adb43b5bab14e97eaa3cd61_embedding.npy,2d-embedding,NULL,1562,NULL,/code/temp/4b057f59a1dd43ee85a2d311817ef466_cluster_ids_small.npy,NULL,/code/temp/fa1360aaf2154672bc090f701afeaef2_thumbnails_small.npy,ICCF,small,477
20121,5000,9ed7595a0adb43b5bab14e97eaa3cd61_embedding.npy,/code/temp/9ed7595a0adb43b5bab14e97eaa3cd61_embedding.npy,2d-embedding,NULL,1562,NULL,/code/temp/2e0be1cdb5ad4a8f81648fa1b61595d4_cluster_ids_large.npy,NULL,/code/temp/3fdae28099a64984a8071a77cdf33c0b_thumbnails_large.npy,ICCF,large,477
20126,5000,7fa11a90b09e46e7b71ab8aec10fc52d_embedding.npy,/code/temp/7fa11a90b09e46e7b71ab8aec10fc52d_embedding.npy,2d-embedding,NULL,1562,NULL,/code/temp/f1e9749e30f54d9b8000694e626826d5_cluster_ids_small.npy,NULL,/code/temp/90616f13d368469dae211edcbc028d76_thumbnails_small.npy,Obs/Exp,small,477
20127,5000,7fa11a90b09e46e7b71ab8aec10fc52d_embedding.npy,/code/temp/7fa11a90b09e46e7b71ab8aec10fc52d_embedding.npy,2d-embedding,NULL,1562,NULL,/code/temp/744231737a8d48d4ba5b97f7d8120488_cluster_ids_large.npy,NULL,/code/temp/8453210f94ed4628ad8b9b0e3026e9ab_thumbnails_large.npy,Obs/Exp,large,477
19888,5000,c107e025a82f4c878e9147d7bba898b4_embedding.npy,/code/temp/c107e025a82f4c878e9147d7bba898b4_embedding.npy,2d-embedding,NULL,1563,NULL,/code/temp/0b8036b78d524ae9b3189b253166be81_cluster_ids_small.npy,NULL,/code/temp/a0fd6278eee74507929f35e4bdd8318c_thumbnails_small.npy,ICCF,small,146
19889,5000,c107e025a82f4c878e9147d7bba898b4_embedding.npy,/code/temp/c107e025a82f4c878e9147d7bba898b4_embedding.npy,2d-embedding,NULL,1563,NULL,/code/temp/076756bbc1844ea79bc0f552eddcd72e_cluster_ids_large.npy,NULL,/code/temp/fc27d32687104248aedbc6236da61db0_thumbnails_large.npy,ICCF,large,146
19894,5000,a98837808d9c4e168eeedc0fb606cbf9_embedding.npy,/code/temp/a98837808d9c4e168eeedc0fb606cbf9_embedding.npy,2d-embedding,NULL,1563,NULL,/code/temp/2d98c6dd38e54f9494c65bd6ef31ac8b_cluster_ids_small.npy,NULL,/code/temp/6c891c1bfc0a419d8ca78d35e45def27_thumbnails_small.npy,Obs/Exp,small,146
19895,5000,a98837808d9c4e168eeedc0fb606cbf9_embedding.npy,/code/temp/a98837808d9c4e168eeedc0fb606cbf9_embedding.npy,2d-embedding,NULL,1563,NULL,/code/temp/62584e005cbf47f48a6f216b8d2de871_cluster_ids_large.npy,NULL,/code/temp/af1174a61c514b319f9e49f743003779_thumbnails_large.npy,Obs/Exp,large,146
20016,10000,90830606a9b7443ab63a39ccab0f315c_embedding.npy,/code/temp/90830606a9b7443ab63a39ccab0f315c_embedding.npy,1d-embedding,81,1563,/code/temp/ae92e72156cf48bab7364b93d42faa7b_features.npy,/code/temp/bf5461874b0241f9aa32b4e37433e953_cluster_ids_small.npy,NULL,/code/temp/b482aa0d13c14835a9ae5a332655c36d_average_values_small.npy,NULL,small,NULL
20017,10000,90830606a9b7443ab63a39ccab0f315c_embedding.npy,/code/temp/90830606a9b7443ab63a39ccab0f315c_embedding.npy,1d-embedding,81,1563,/code/temp/ae92e72156cf48bab7364b93d42faa7b_features.npy,/code/temp/efc1fefdfdec46c586498a0d5c71c086_cluster_ids_large.npy,NULL,/code/temp/3e9ba286a8ef4168b6ffc939d0ebd2d0_average_values_large.npy,NULL,large,NULL
20018,5000,2ce7365b71ab4eb0af5bf9b0ddec7d6f_embedding.npy,/code/temp/2ce7365b71ab4eb0af5bf9b0ddec7d6f_embedding.npy,1d-embedding,81,1563,/code/temp/794cf9592d854ae8b68dbdec89982ab7_features.npy,/code/temp/98c4e5f1e10b4d0b96463e74d2247437_cluster_ids_small.npy,NULL,/code/temp/3f3f66e604e44a9785276dfde983bbc9_average_values_small.npy,NULL,small,NULL
20019,5000,2ce7365b71ab4eb0af5bf9b0ddec7d6f_embedding.npy,/code/temp/2ce7365b71ab4eb0af5bf9b0ddec7d6f_embedding.npy,1d-embedding,81,1563,/code/temp/794cf9592d854ae8b68dbdec89982ab7_features.npy,/code/temp/5413889349784ed2a07aae422b1c6653_cluster_ids_large.npy,NULL,/code/temp/8a5f46214bb043c48dae7736d085e0e7_average_values_large.npy,NULL,large,NULL
20024,2000,00d866ce8a4b4546b27f77a429158faa_embedding.npy,/code/temp/00d866ce8a4b4546b27f77a429158faa_embedding.npy,1d-embedding,81,1563,/code/temp/8f909968cd2c47f3bd828f8573d86387_features.npy,/code/temp/f8448569e972459e8d68fc289d65a6e7_cluster_ids_small.npy,NULL,/code/temp/28097fa83f324c1089785ce71256573e_average_values_small.npy,NULL,small,NULL
20025,2000,00d866ce8a4b4546b27f77a429158faa_embedding.npy,/code/temp/00d866ce8a4b4546b27f77a429158faa_embedding.npy,1d-embedding,81,1563,/code/temp/8f909968cd2c47f3bd828f8573d86387_features.npy,/code/temp/0f39e50f3320494bad118fadda022be6_cluster_ids_large.npy,NULL,/code/temp/91fa8886b3a44f7ab07571051c883778_average_values_large.npy,NULL,large,NULL
20136,5000,0d2f3e172d844718aa1517b00ddc7496_embedding.npy,/code/temp/0d2f3e172d844718aa1517b00ddc7496_embedding.npy,2d-embedding,NULL,1563,NULL,/code/temp/3a66c8728e074f729595acfb65c9a834_cluster_ids_small.npy,NULL,/code/temp/215fcfbd059747b6aa8e157fb74fdae9_thumbnails_small.npy,ICCF,small,477
20137,5000,0d2f3e172d844718aa1517b00ddc7496_embedding.npy,/code/temp/0d2f3e172d844718aa1517b00ddc7496_embedding.npy,2d-embedding,NULL,1563,NULL,/code/temp/81fd66c45c6244409c5cc368837ead99_cluster_ids_large.npy,NULL,/code/temp/ecf56c0237d541c0ba866ef4b2f45088_thumbnails_large.npy,ICCF,large,477
20140,5000,7d3165d188db49ff8ea61dc475cb5b51_embedding.npy,/code/temp/7d3165d188db49ff8ea61dc475cb5b51_embedding.npy,2d-embedding,NULL,1563,NULL,/code/temp/53525e0bcf014444b4e3712ea1d6a2a4_cluster_ids_small.npy,NULL,/code/temp/b704b96a9da54ff5bee7968975c0b459_thumbnails_small.npy,Obs/Exp,small,477
20141,5000,7d3165d188db49ff8ea61dc475cb5b51_embedding.npy,/code/temp/7d3165d188db49ff8ea61dc475cb5b51_embedding.npy,2d-embedding,NULL,1563,NULL,/code/temp/80699953cdc14d4db24a134800316788_cluster_ids_large.npy,NULL,/code/temp/13ce00a46ef34a10a56ad70fd8363dfe_thumbnails_large.npy,Obs/Exp,large,477
19886,10000,7ef830775920490d8865886288b0ae98_embedding.npy,/code/temp/7ef830775920490d8865886288b0ae98_embedding.npy,2d-embedding,NULL,1564,NULL,/code/temp/0bdaf844bf6c4271935e74195f394b6a_cluster_ids_small.npy,NULL,/code/temp/ddf2a14c62e44673967dd710865b060a_thumbnails_small.npy,ICCF,small,146
19887,10000,7ef830775920490d8865886288b0ae98_embedding.npy,/code/temp/7ef830775920490d8865886288b0ae98_embedding.npy,2d-embedding,NULL,1564,NULL,/code/temp/8f39d1f3b3194d648e563fde1efbf300_cluster_ids_large.npy,NULL,/code/temp/0f3de11d3be448fe9960dcb5ba66acc4_thumbnails_large.npy,ICCF,large,146
19892,10000,21b8330e4b8d48eda2c2e15cde5f886e_embedding.npy,/code/temp/21b8330e4b8d48eda2c2e15cde5f886e_embedding.npy,2d-embedding,NULL,1564,NULL,/code/temp/c4b97c583230440ab32f3b782c04e2d6_cluster_ids_small.npy,NULL,/code/temp/c153416db1de468d84d7618954b1f991_thumbnails_small.npy,Obs/Exp,small,146
19893,10000,21b8330e4b8d48eda2c2e15cde5f886e_embedding.npy,/code/temp/21b8330e4b8d48eda2c2e15cde5f886e_embedding.npy,2d-embedding,NULL,1564,NULL,/code/temp/68ffbcdba7cb4d8e925355757695aeb0_cluster_ids_large.npy,NULL,/code/temp/7b1dbc06c1ff4deba73fc6a4ebcd0e65_thumbnails_large.npy,Obs/Exp,large,146
20038,10000,8c21434f0ce742e58cc9c4d59c445e1e_embedding.npy,/code/temp/8c21434f0ce742e58cc9c4d59c445e1e_embedding.npy,1d-embedding,81,1564,/code/temp/284dcc8f3f50446aa133929e97d4b5ff_features.npy,/code/temp/a095ef925c93461e8d5ffa4335126db3_cluster_ids_small.npy,NULL,/code/temp/ccbe819b61114538b871b9b2a187a8aa_average_values_small.npy,NULL,small,NULL
20039,10000,8c21434f0ce742e58cc9c4d59c445e1e_embedding.npy,/code/temp/8c21434f0ce742e58cc9c4d59c445e1e_embedding.npy,1d-embedding,81,1564,/code/temp/284dcc8f3f50446aa133929e97d4b5ff_features.npy,/code/temp/d1764e12b6c943308b0e40e9f17018a8_cluster_ids_large.npy,NULL,/code/temp/c54586a0719347a1bc910d72ac45e9aa_average_values_large.npy,NULL,large,NULL
20040,5000,5efa8261ea0e4b5baf4a7769537e6a8d_embedding.npy,/code/temp/5efa8261ea0e4b5baf4a7769537e6a8d_embedding.npy,1d-embedding,81,1564,/code/temp/0dba759f466a4a0eb159cc26e8df49a1_features.npy,/code/temp/56612322a7e94e85a5429d58842dcd8d_cluster_ids_small.npy,NULL,/code/temp/df8f1a9e516e43ecb7b59d45ad34c1f1_average_values_small.npy,NULL,small,NULL
20041,5000,5efa8261ea0e4b5baf4a7769537e6a8d_embedding.npy,/code/temp/5efa8261ea0e4b5baf4a7769537e6a8d_embedding.npy,1d-embedding,81,1564,/code/temp/0dba759f466a4a0eb159cc26e8df49a1_features.npy,/code/temp/ac43ed4352be4dfeb3f44e2f713c57ba_cluster_ids_large.npy,NULL,/code/temp/5f0365783d434fd2b02d3abd8de1de42_average_values_large.npy,NULL,large,NULL
20042,20000,3f360547dcf845bbb4f4e735a37d055e_embedding.npy,/code/temp/3f360547dcf845bbb4f4e735a37d055e_embedding.npy,1d-embedding,81,1564,/code/temp/cf0e9eca6b0a464a8b988974777ce52c_features.npy,/code/temp/4a4d77baca32437abbd9bf05b72fa5d3_cluster_ids_small.npy,NULL,/code/temp/4ad969b5fabb48d4a9561d6046fff680_average_values_small.npy,NULL,small,NULL
20043,20000,3f360547dcf845bbb4f4e735a37d055e_embedding.npy,/code/temp/3f360547dcf845bbb4f4e735a37d055e_embedding.npy,1d-embedding,81,1564,/code/temp/cf0e9eca6b0a464a8b988974777ce52c_features.npy,/code/temp/53848aef0d5e402796fac5f121e7b468_cluster_ids_large.npy,NULL,/code/temp/80692035d7274c60a9f1ca09d50b7482_average_values_large.npy,NULL,large,NULL
20146,10000,77bdbdefd1f8432f9e24835fdf48b306_embedding.npy,/code/temp/77bdbdefd1f8432f9e24835fdf48b306_embedding.npy,2d-embedding,NULL,1564,NULL,/code/temp/64af9eaee9cf49fbaae5637e1c907049_cluster_ids_small.npy,NULL,/code/temp/d60b9ad6346c4163b5ebf128834024da_thumbnails_small.npy,ICCF,small,477
20147,10000,77bdbdefd1f8432f9e24835fdf48b306_embedding.npy,/code/temp/77bdbdefd1f8432f9e24835fdf48b306_embedding.npy,2d-embedding,NULL,1564,NULL,/code/temp/1e57fb7331584bd0a69fb54f679f646f_cluster_ids_large.npy,NULL,/code/temp/47cf2d8d92524583b244620d8626b5d5_thumbnails_large.npy,ICCF,large,477
20152,10000,8fceca02acac43948b633b1899a33040_embedding.npy,/code/temp/8fceca02acac43948b633b1899a33040_embedding.npy,2d-embedding,NULL,1564,NULL,/code/temp/7e7f2a4eebb44a5d88dcc3d720593ccb_cluster_ids_small.npy,NULL,/code/temp/0e4127ff2fb6413b921ee2c051451634_thumbnails_small.npy,Obs/Exp,small,477
20153,10000,8fceca02acac43948b633b1899a33040_embedding.npy,/code/temp/8fceca02acac43948b633b1899a33040_embedding.npy,2d-embedding,NULL,1564,NULL,/code/temp/90fb6c986720477a9ebc76167273c594_cluster_ids_large.npy,NULL,/code/temp/54073302d14c4c16a4a7faab8399d086_thumbnails_large.npy,Obs/Exp,large,477
19898,20000,a21161930c354855b455ebfb0f000a3d_embedding.npy,/code/temp/a21161930c354855b455ebfb0f000a3d_embedding.npy,2d-embedding,NULL,1565,NULL,/code/temp/cccbc14493eb432bbbfd65afb585c374_cluster_ids_small.npy,NULL,/code/temp/38301a184c7e4c48b4430a68fdf79835_thumbnails_small.npy,ICCF,small,146
19899,20000,a21161930c354855b455ebfb0f000a3d_embedding.npy,/code/temp/a21161930c354855b455ebfb0f000a3d_embedding.npy,2d-embedding,NULL,1565,NULL,/code/temp/40818742b699402e933891f37e6b4228_cluster_ids_large.npy,NULL,/code/temp/5a00af9ba7694bda93edc56f111543ab_thumbnails_large.npy,ICCF,large,146
19902,20000,3a1063419f0b471199e3b1510fe85a7e_embedding.npy,/code/temp/3a1063419f0b471199e3b1510fe85a7e_embedding.npy,2d-embedding,NULL,1565,NULL,/code/temp/3f0fe445ee534c93bb07f9994c3da6fe_cluster_ids_small.npy,NULL,/code/temp/021a70acc90b4d3fbc49fc4f9a17bed6_thumbnails_small.npy,Obs/Exp,small,146
19903,20000,3a1063419f0b471199e3b1510fe85a7e_embedding.npy,/code/temp/3a1063419f0b471199e3b1510fe85a7e_embedding.npy,2d-embedding,NULL,1565,NULL,/code/temp/c53448c1be4d48f1be5f1089ff8e6235_cluster_ids_large.npy,NULL,/code/temp/dbc1a75bd3d943609c32139e96fb3d35_thumbnails_large.npy,Obs/Exp,large,146
20036,50000,8bcce28437b841539b8cb481fd17f568_embedding.npy,/code/temp/8bcce28437b841539b8cb481fd17f568_embedding.npy,1d-embedding,81,1565,/code/temp/196bb9c0bc1e4527987f96f8da744d72_features.npy,/code/temp/d64989c7cbc748e7a4fdab463777e38c_cluster_ids_small.npy,NULL,/code/temp/f1162072de7747a6b0706bded9b2834f_average_values_small.npy,NULL,small,NULL
20037,50000,8bcce28437b841539b8cb481fd17f568_embedding.npy,/code/temp/8bcce28437b841539b8cb481fd17f568_embedding.npy,1d-embedding,81,1565,/code/temp/196bb9c0bc1e4527987f96f8da744d72_features.npy,/code/temp/f984c0de34694b08a87855943d66e159_cluster_ids_large.npy,NULL,/code/temp/f844d4fbad454523b0cb36e793b35faf_average_values_large.npy,NULL,large,NULL
20046,20000,c7426a98dec54d8490ff81d7b5906016_embedding.npy,/code/temp/c7426a98dec54d8490ff81d7b5906016_embedding.npy,1d-embedding,81,1565,/code/temp/afd862dfb30d462383194957958c75fb_features.npy,/code/temp/fc075162df7d44a98d49a2b9e5f9c06c_cluster_ids_small.npy,NULL,/code/temp/bb5305d377fe4a4c8aa99038e5d4c3fc_average_values_small.npy,NULL,small,NULL
20047,20000,c7426a98dec54d8490ff81d7b5906016_embedding.npy,/code/temp/c7426a98dec54d8490ff81d7b5906016_embedding.npy,1d-embedding,81,1565,/code/temp/afd862dfb30d462383194957958c75fb_features.npy,/code/temp/58bd2f9d27684b42bae3db7f974300a4_cluster_ids_large.npy,NULL,/code/temp/41b91993a755495d838e54691deaeca4_average_values_large.npy,NULL,large,NULL
20050,100000,b48d2dd32a17424d972f1e7f9fb25642_embedding.npy,/code/temp/b48d2dd32a17424d972f1e7f9fb25642_embedding.npy,1d-embedding,81,1565,/code/temp/ffb2bec11a334def97bc4118b8c60bfb_features.npy,/code/temp/24199caa7b71469ba7473372b3f3ae11_cluster_ids_small.npy,NULL,/code/temp/605ea98422844d479697894591479597_average_values_small.npy,NULL,small,NULL
20051,100000,b48d2dd32a17424d972f1e7f9fb25642_embedding.npy,/code/temp/b48d2dd32a17424d972f1e7f9fb25642_embedding.npy,1d-embedding,81,1565,/code/temp/ffb2bec11a334def97bc4118b8c60bfb_features.npy,/code/temp/dba5e78a48224807943f06601c3e6d8f_cluster_ids_large.npy,NULL,/code/temp/ed9fa4d0866547f189eb93b39f6b90f6_average_values_large.npy,NULL,large,NULL
20160,20000,11c43160837042258f427fb8f6d9a1e7_embedding.npy,/code/temp/11c43160837042258f427fb8f6d9a1e7_embedding.npy,2d-embedding,NULL,1565,NULL,/code/temp/bf7b9389bfd14917978a5a0ae4f1936c_cluster_ids_small.npy,NULL,/code/temp/54e79349c4844b5d8b147d8bb6fc654b_thumbnails_small.npy,ICCF,small,477
20161,20000,11c43160837042258f427fb8f6d9a1e7_embedding.npy,/code/temp/11c43160837042258f427fb8f6d9a1e7_embedding.npy,2d-embedding,NULL,1565,NULL,/code/temp/68f1f32edb67453c96026707fbf40e82_cluster_ids_large.npy,NULL,/code/temp/20df9ffb203445db9b7a44efc369200b_thumbnails_large.npy,ICCF,large,477
20164,20000,9aad8c50dab04702ad121ea351487ed2_embedding.npy,/code/temp/9aad8c50dab04702ad121ea351487ed2_embedding.npy,2d-embedding,NULL,1565,NULL,/code/temp/11e0e1614f5c4774b13cc0117379a56d_cluster_ids_small.npy,NULL,/code/temp/d22e15f2c43a4a859ebdfef02782a8c1_thumbnails_small.npy,Obs/Exp,small,477
20165,20000,9aad8c50dab04702ad121ea351487ed2_embedding.npy,/code/temp/9aad8c50dab04702ad121ea351487ed2_embedding.npy,2d-embedding,NULL,1565,NULL,/code/temp/ff85db75075d485cabf709bb0f8f5fc6_cluster_ids_large.npy,NULL,/code/temp/efa2435220ab4aaab8a57afb70e04c66_thumbnails_large.npy,Obs/Exp,large,477
19900,50000,38244bec7e7c4c99bc81418af492c8b7_embedding.npy,/code/temp/38244bec7e7c4c99bc81418af492c8b7_embedding.npy,2d-embedding,NULL,1566,NULL,/code/temp/4b851fa9356448eb8625f95985676a5e_cluster_ids_small.npy,NULL,/code/temp/c5ef83ebe1864ab3bfe70e483a187f22_thumbnails_small.npy,ICCF,small,146
19901,50000,38244bec7e7c4c99bc81418af492c8b7_embedding.npy,/code/temp/38244bec7e7c4c99bc81418af492c8b7_embedding.npy,2d-embedding,NULL,1566,NULL,/code/temp/ecc2e945811e41108c00c137bca20e60_cluster_ids_large.npy,NULL,/code/temp/3c6752f711144ca1ac6664f1f314e523_thumbnails_large.npy,ICCF,large,146
19904,50000,8928906a279949e8af0719a894a33ebb_embedding.npy,/code/temp/8928906a279949e8af0719a894a33ebb_embedding.npy,2d-embedding,NULL,1566,NULL,/code/temp/0bb956106e8447d792ce16b02fdf78df_cluster_ids_small.npy,NULL,/code/temp/4328935ac0bf442fb5adb36548b8f1f1_thumbnails_small.npy,Obs/Exp,small,146
19905,50000,8928906a279949e8af0719a894a33ebb_embedding.npy,/code/temp/8928906a279949e8af0719a894a33ebb_embedding.npy,2d-embedding,NULL,1566,NULL,/code/temp/d2cb6aaea34b4801a3919fcc5dda2404_cluster_ids_large.npy,NULL,/code/temp/e58b365d179d4fd58ad3999e8ccc4519_thumbnails_large.npy,Obs/Exp,large,146
20056,50000,1cf7125796cf47a8a41a6b2f4b246686_embedding.npy,/code/temp/1cf7125796cf47a8a41a6b2f4b246686_embedding.npy,1d-embedding,81,1566,/code/temp/2b3ec038a58649ccafa96452b3f19f70_features.npy,/code/temp/26ac3a591faf4089ac7b57a8ea47591a_cluster_ids_small.npy,NULL,/code/temp/15cb5c61c5084a76b374e21ee8516f19_average_values_small.npy,NULL,small,NULL
20057,50000,1cf7125796cf47a8a41a6b2f4b246686_embedding.npy,/code/temp/1cf7125796cf47a8a41a6b2f4b246686_embedding.npy,1d-embedding,81,1566,/code/temp/2b3ec038a58649ccafa96452b3f19f70_features.npy,/code/temp/18ced1f0c59e474cb90ff5c25e680d8b_cluster_ids_large.npy,NULL,/code/temp/d3aed1e7ae0d49c5a62266f708399026_average_values_large.npy,NULL,large,NULL
20058,200000,d679f1a74d344722a4ed6a09c7511430_embedding.npy,/code/temp/d679f1a74d344722a4ed6a09c7511430_embedding.npy,1d-embedding,81,1566,/code/temp/926f221238ac4c75ae5d4bc0186fbb72_features.npy,/code/temp/2c5b7e52820c4f67b259a1ef77d3b1cc_cluster_ids_small.npy,NULL,/code/temp/e30366634a094e22b7b566439b30efd2_average_values_small.npy,NULL,small,NULL
20059,200000,d679f1a74d344722a4ed6a09c7511430_embedding.npy,/code/temp/d679f1a74d344722a4ed6a09c7511430_embedding.npy,1d-embedding,81,1566,/code/temp/926f221238ac4c75ae5d4bc0186fbb72_features.npy,/code/temp/f597df7206204910b3bcbce195194858_cluster_ids_large.npy,NULL,/code/temp/2aed344d22a244f2a067fc60b434c034_average_values_large.npy,NULL,large,NULL
20060,100000,41ec0a4824e242c8bce5423f56fc8407_embedding.npy,/code/temp/41ec0a4824e242c8bce5423f56fc8407_embedding.npy,1d-embedding,81,1566,/code/temp/636946e8de134036a973f9891bd969ea_features.npy,/code/temp/42b711c5573a41faaf0dc7a93a14059b_cluster_ids_small.npy,NULL,/code/temp/a51770d9a9c74a1aa7552be693aed2d1_average_values_small.npy,NULL,small,NULL
20061,100000,41ec0a4824e242c8bce5423f56fc8407_embedding.npy,/code/temp/41ec0a4824e242c8bce5423f56fc8407_embedding.npy,1d-embedding,81,1566,/code/temp/636946e8de134036a973f9891bd969ea_features.npy,/code/temp/6d6fc9740c16470ea97329ef29f6b4a6_cluster_ids_large.npy,NULL,/code/temp/3eb8cfad7a044749abcace5223a9447a_average_values_large.npy,NULL,large,NULL
20174,50000,ebdf3a0495a84dd49f10952704374293_embedding.npy,/code/temp/ebdf3a0495a84dd49f10952704374293_embedding.npy,2d-embedding,NULL,1566,NULL,/code/temp/30604febe9354b158b46ebacd5d81977_cluster_ids_small.npy,NULL,/code/temp/94e1fcf8acd84a879c3a3a81bd644fb6_thumbnails_small.npy,ICCF,small,477
20175,50000,ebdf3a0495a84dd49f10952704374293_embedding.npy,/code/temp/ebdf3a0495a84dd49f10952704374293_embedding.npy,2d-embedding,NULL,1566,NULL,/code/temp/a0acd780d00c449ca1a4bdc27bcb67eb_cluster_ids_large.npy,NULL,/code/temp/6f598b73bc4e45cdab15d59b7ea82d79_thumbnails_large.npy,ICCF,large,477
20176,50000,e2452b64cba846c895cad825b1bd1e2b_embedding.npy,/code/temp/e2452b64cba846c895cad825b1bd1e2b_embedding.npy,2d-embedding,NULL,1566,NULL,/code/temp/f00eb2e75f07431482090f9fa57ddffd_cluster_ids_small.npy,NULL,/code/temp/01e3e2ffdd274d23a039372e47641e2b_thumbnails_small.npy,Obs/Exp,small,477
20177,50000,e2452b64cba846c895cad825b1bd1e2b_embedding.npy,/code/temp/e2452b64cba846c895cad825b1bd1e2b_embedding.npy,2d-embedding,NULL,1566,NULL,/code/temp/d3c5525376b4479389fcdd6d25c7b6af_cluster_ids_large.npy,NULL,/code/temp/85b2cc3c14064548abf0044e65c25268_thumbnails_large.npy,Obs/Exp,large,477
19906,5000,266eb1407f804c57ae2081c176b972ba_embedding.npy,/code/temp/266eb1407f804c57ae2081c176b972ba_embedding.npy,2d-embedding,NULL,1567,NULL,/code/temp/7cf5a2c25df3492b94bdd3d5994b6f28_cluster_ids_small.npy,NULL,/code/temp/01de441f88cb49db877340517588fcc8_thumbnails_small.npy,ICCF,small,146
19907,5000,266eb1407f804c57ae2081c176b972ba_embedding.npy,/code/temp/266eb1407f804c57ae2081c176b972ba_embedding.npy,2d-embedding,NULL,1567,NULL,/code/temp/6ba12f5a60cd48d2b87822619fd236b1_cluster_ids_large.npy,NULL,/code/temp/19d23cb6ea7448419df7b5ee8e93c5b6_thumbnails_large.npy,ICCF,large,146
19912,5000,52121ca338184a2b999981e7c6580970_embedding.npy,/code/temp/52121ca338184a2b999981e7c6580970_embedding.npy,2d-embedding,NULL,1567,NULL,/code/temp/0b65860b009349ce9e930613c0d600bb_cluster_ids_small.npy,NULL,/code/temp/9f833935b2064d339d1b1d14ed23a758_thumbnails_small.npy,Obs/Exp,small,146
19913,5000,52121ca338184a2b999981e7c6580970_embedding.npy,/code/temp/52121ca338184a2b999981e7c6580970_embedding.npy,2d-embedding,NULL,1567,NULL,/code/temp/4117782ca1324d359382119fb9ee5d8f_cluster_ids_large.npy,NULL,/code/temp/1cf3ed7a24fc4d1c896dc6f9af0b68a2_thumbnails_large.npy,Obs/Exp,large,146
20074,2000,163ba45484b346a5b7e6dd758eb2dcf6_embedding.npy,/code/temp/163ba45484b346a5b7e6dd758eb2dcf6_embedding.npy,1d-embedding,81,1567,/code/temp/17b6f4a69c604c06b8fa7c9e84388e5a_features.npy,/code/temp/0c73302deb0e47e0bc3cfa304ddc93ef_cluster_ids_small.npy,NULL,/code/temp/466b9921b7a340f8828f2145fae5fa11_average_values_small.npy,NULL,small,NULL
20075,2000,163ba45484b346a5b7e6dd758eb2dcf6_embedding.npy,/code/temp/163ba45484b346a5b7e6dd758eb2dcf6_embedding.npy,1d-embedding,81,1567,/code/temp/17b6f4a69c604c06b8fa7c9e84388e5a_features.npy,/code/temp/041b539f290345b3bc2c60c4fd341a53_cluster_ids_large.npy,NULL,/code/temp/a15fc6597fce4350a96982c851088c76_average_values_large.npy,NULL,large,NULL
20079,1000,dcab399184f04ad4b73b9efb04222bcc_embedding.npy,/code/temp/dcab399184f04ad4b73b9efb04222bcc_embedding.npy,1d-embedding,81,1567,/code/temp/d7818c7892f041c6b5533c91796ad053_features.npy,/code/temp/f9c56fd83a734594bb3c7fb6a934dddc_cluster_ids_small.npy,NULL,/code/temp/0696c872b2f141cea877ed7936e110f3_average_values_small.npy,NULL,small,NULL
20081,1000,dcab399184f04ad4b73b9efb04222bcc_embedding.npy,/code/temp/dcab399184f04ad4b73b9efb04222bcc_embedding.npy,1d-embedding,81,1567,/code/temp/d7818c7892f041c6b5533c91796ad053_features.npy,/code/temp/ae886f64dfe249fa87127888c302e3e7_cluster_ids_large.npy,NULL,/code/temp/6632369f7bdc4da99aebc47ab5fe1f5a_average_values_large.npy,NULL,large,NULL
20182,5000,8f3632deab31409b85c1ff200cbe99e5_embedding.npy,/code/temp/8f3632deab31409b85c1ff200cbe99e5_embedding.npy,2d-embedding,NULL,1567,NULL,/code/temp/7750ab81a2274cf6ace23421d863ab9e_cluster_ids_small.npy,NULL,/code/temp/41b37a8074e3446e831f6d1460cddc84_thumbnails_small.npy,ICCF,small,477
20183,5000,8f3632deab31409b85c1ff200cbe99e5_embedding.npy,/code/temp/8f3632deab31409b85c1ff200cbe99e5_embedding.npy,2d-embedding,NULL,1567,NULL,/code/temp/a288540c287740a9a47590c2756a390b_cluster_ids_large.npy,NULL,/code/temp/c15abd9f99b74212b82341e1088c6e15_thumbnails_large.npy,ICCF,large,477
20186,5000,cb941c49053e4d2094889dd91a4dc885_embedding.npy,/code/temp/cb941c49053e4d2094889dd91a4dc885_embedding.npy,2d-embedding,NULL,1567,NULL,/code/temp/40b7e95d3a4d4dd29e2610854a05c1a7_cluster_ids_small.npy,NULL,/code/temp/2f85fa4b60a44bd28c4b2b0741aff637_thumbnails_small.npy,Obs/Exp,small,477
20187,5000,cb941c49053e4d2094889dd91a4dc885_embedding.npy,/code/temp/cb941c49053e4d2094889dd91a4dc885_embedding.npy,2d-embedding,NULL,1567,NULL,/code/temp/c7fa9ef0804b4b9f930bccfcf7626c8b_cluster_ids_large.npy,NULL,/code/temp/e96a34bdc9244654af33d258dac2a584_thumbnails_large.npy,Obs/Exp,large,477
19908,5000,5cc931806c414d2293c8e23388449d25_embedding.npy,/code/temp/5cc931806c414d2293c8e23388449d25_embedding.npy,2d-embedding,NULL,1568,NULL,/code/temp/8cb1492f1bf8481bbee49534b564d30b_cluster_ids_small.npy,NULL,/code/temp/50dc3e6b70e04712b6b1f46453a18a29_thumbnails_small.npy,ICCF,small,146
19909,5000,5cc931806c414d2293c8e23388449d25_embedding.npy,/code/temp/5cc931806c414d2293c8e23388449d25_embedding.npy,2d-embedding,NULL,1568,NULL,/code/temp/1984cb8555494ea5b84eba58c1cd76f7_cluster_ids_large.npy,NULL,/code/temp/dda87862e8884a319f80235cf6719a8d_thumbnails_large.npy,ICCF,large,146
19916,5000,c6a00140e35745ce9628a92bdfa122e6_embedding.npy,/code/temp/c6a00140e35745ce9628a92bdfa122e6_embedding.npy,2d-embedding,NULL,1568,NULL,/code/temp/565eb6ab1a384b45adf4f9b073103324_cluster_ids_small.npy,NULL,/code/temp/b1e631315c8d43bfadd08d9c4d2a37a6_thumbnails_small.npy,Obs/Exp,small,146
19917,5000,c6a00140e35745ce9628a92bdfa122e6_embedding.npy,/code/temp/c6a00140e35745ce9628a92bdfa122e6_embedding.npy,2d-embedding,NULL,1568,NULL,/code/temp/613df702972549b1af9174234573a915_cluster_ids_large.npy,NULL,/code/temp/d50260a17770493d933cebd2b861b192_thumbnails_large.npy,Obs/Exp,large,146
20072,10000,de613ea34e5e4000afe1d4897431c983_embedding.npy,/code/temp/de613ea34e5e4000afe1d4897431c983_embedding.npy,1d-embedding,81,1568,/code/temp/62d8dfa352c341afbb3fbb2540750ab4_features.npy,/code/temp/85727170147c4dca9e1ed17d1e776fd9_cluster_ids_small.npy,NULL,/code/temp/28979aafb7b74dacba3872058e559071_average_values_small.npy,NULL,small,NULL
20073,10000,de613ea34e5e4000afe1d4897431c983_embedding.npy,/code/temp/de613ea34e5e4000afe1d4897431c983_embedding.npy,1d-embedding,81,1568,/code/temp/62d8dfa352c341afbb3fbb2540750ab4_features.npy,/code/temp/a7492bc8c267468ea5e3ee8a6645f54e_cluster_ids_large.npy,NULL,/code/temp/e3aa222c35e24c38b9da8d9e4ee195cb_average_values_large.npy,NULL,large,NULL
20076,2000,14d420cb0b484f5eb7d54097ba514b6d_embedding.npy,/code/temp/14d420cb0b484f5eb7d54097ba514b6d_embedding.npy,1d-embedding,81,1568,/code/temp/f55280fd0aba4b52ba186d38cd53acc3_features.npy,/code/temp/9fbbfe7f961f4ca6835693a099b211b3_cluster_ids_small.npy,NULL,/code/temp/48a7bba7419949afa4dcab00bf819ce1_average_values_small.npy,NULL,small,NULL
20077,2000,14d420cb0b484f5eb7d54097ba514b6d_embedding.npy,/code/temp/14d420cb0b484f5eb7d54097ba514b6d_embedding.npy,1d-embedding,81,1568,/code/temp/f55280fd0aba4b52ba186d38cd53acc3_features.npy,/code/temp/76d6c628e4ec42798c54b72d168a5513_cluster_ids_large.npy,NULL,/code/temp/daec353839e749b896630ff0455d5864_average_values_large.npy,NULL,large,NULL
20078,5000,e24791afae6c4daab1dee23cf7266712_embedding.npy,/code/temp/e24791afae6c4daab1dee23cf7266712_embedding.npy,1d-embedding,81,1568,/code/temp/f1547f1b48aa482f984ede7f98997f13_features.npy,/code/temp/e2f5dee7ed084f99851ffc0db015ce30_cluster_ids_small.npy,NULL,/code/temp/1563067112b144c79cee6603412ad0eb_average_values_small.npy,NULL,small,NULL
20080,5000,e24791afae6c4daab1dee23cf7266712_embedding.npy,/code/temp/e24791afae6c4daab1dee23cf7266712_embedding.npy,1d-embedding,81,1568,/code/temp/f1547f1b48aa482f984ede7f98997f13_features.npy,/code/temp/b3c0a4ee51ee42cc8e62541f9cf45ebe_cluster_ids_large.npy,NULL,/code/temp/6a78b1832032404ea15b64d1062a266f_average_values_large.npy,NULL,large,NULL
20194,5000,ae044fb43ad44bb6852f166dbfa0d818_embedding.npy,/code/temp/ae044fb43ad44bb6852f166dbfa0d818_embedding.npy,2d-embedding,NULL,1568,NULL,/code/temp/2585f39c7d30494c9a9a95914cd1708a_cluster_ids_small.npy,NULL,/code/temp/17cac5b0bbfe4aebb415f67665482fca_thumbnails_small.npy,ICCF,small,477
20195,5000,ae044fb43ad44bb6852f166dbfa0d818_embedding.npy,/code/temp/ae044fb43ad44bb6852f166dbfa0d818_embedding.npy,2d-embedding,NULL,1568,NULL,/code/temp/2eab4d66ed52420d8f8227c4cb7177ba_cluster_ids_large.npy,NULL,/code/temp/7e943ac5350f47dc8e8e872ab552e4c6_thumbnails_large.npy,ICCF,large,477
20200,5000,b65d44107dd143e48b943aef81840275_embedding.npy,/code/temp/b65d44107dd143e48b943aef81840275_embedding.npy,2d-embedding,NULL,1568,NULL,/code/temp/d029c446e01a4213bb6ba66c206b1f84_cluster_ids_small.npy,NULL,/code/temp/43467900247348e684b267ad6cdabc36_thumbnails_small.npy,Obs/Exp,small,477
20201,5000,b65d44107dd143e48b943aef81840275_embedding.npy,/code/temp/b65d44107dd143e48b943aef81840275_embedding.npy,2d-embedding,NULL,1568,NULL,/code/temp/a9434f1a9cd84d4897179c9c3cfd99ac_cluster_ids_large.npy,NULL,/code/temp/842ee9443d1f40c88cab57b20bcfa939_thumbnails_large.npy,Obs/Exp,large,477
19910,10000,0725b20349e147fbac0773c03b877a01_embedding.npy,/code/temp/0725b20349e147fbac0773c03b877a01_embedding.npy,2d-embedding,NULL,1569,NULL,/code/temp/b1a9abc622fd401793cc047a677bc6b5_cluster_ids_small.npy,NULL,/code/temp/f8fc128ce2124417844fe6502a0a30db_thumbnails_small.npy,ICCF,small,146
19911,10000,0725b20349e147fbac0773c03b877a01_embedding.npy,/code/temp/0725b20349e147fbac0773c03b877a01_embedding.npy,2d-embedding,NULL,1569,NULL,/code/temp/a94045ee2e9943769abbfa43cbd7f498_cluster_ids_large.npy,NULL,/code/temp/fd3567f22e32414a861262d84ed6ac4b_thumbnails_large.npy,ICCF,large,146
19914,10000,75805bd6cee84e83bf63b782d3629eba_embedding.npy,/code/temp/75805bd6cee84e83bf63b782d3629eba_embedding.npy,2d-embedding,NULL,1569,NULL,/code/temp/70954a315b5a4f5d9befa50cdb625824_cluster_ids_small.npy,NULL,/code/temp/3d45ad6bedd04b8498a4065e49e00bde_thumbnails_small.npy,Obs/Exp,small,146
19915,10000,75805bd6cee84e83bf63b782d3629eba_embedding.npy,/code/temp/75805bd6cee84e83bf63b782d3629eba_embedding.npy,2d-embedding,NULL,1569,NULL,/code/temp/a20083a4531f4bc8916e57cc7bd16259_cluster_ids_large.npy,NULL,/code/temp/40e101462d2140b4b386c5a40d5926f6_thumbnails_large.npy,Obs/Exp,large,146
20094,10000,6534ea513b584e80bab137947668bda1_embedding.npy,/code/temp/6534ea513b584e80bab137947668bda1_embedding.npy,1d-embedding,81,1569,/code/temp/3fc9c957fcfb4910a0ffe710649fcaac_features.npy,/code/temp/4d0de0d37ac141219c9cd17e82a118ed_cluster_ids_small.npy,NULL,/code/temp/aeab0c29322c4eb4b954464cce73fd3c_average_values_small.npy,NULL,small,NULL
20095,10000,6534ea513b584e80bab137947668bda1_embedding.npy,/code/temp/6534ea513b584e80bab137947668bda1_embedding.npy,1d-embedding,81,1569,/code/temp/3fc9c957fcfb4910a0ffe710649fcaac_features.npy,/code/temp/016355ac9d5d4b40a8ec64ae9b30fd14_cluster_ids_large.npy,NULL,/code/temp/1ee9980b373346be9e3e2d0ece546624_average_values_large.npy,NULL,large,NULL
20096,5000,cea4d0870c204f0b955701040098d673_embedding.npy,/code/temp/cea4d0870c204f0b955701040098d673_embedding.npy,1d-embedding,81,1569,/code/temp/39dc7283de3c44f28d231cbc639d1fa8_features.npy,/code/temp/e00ced91fda44bd1a69476350af44ad9_cluster_ids_small.npy,NULL,/code/temp/4437bae78cab4b659660ab5c43bc064a_average_values_small.npy,NULL,small,NULL
20097,5000,cea4d0870c204f0b955701040098d673_embedding.npy,/code/temp/cea4d0870c204f0b955701040098d673_embedding.npy,1d-embedding,81,1569,/code/temp/39dc7283de3c44f28d231cbc639d1fa8_features.npy,/code/temp/e69de884d5d54de4a03c21f56248b3e9_cluster_ids_large.npy,NULL,/code/temp/0d4f2d98c51c42c1be2b3bc686726561_average_values_large.npy,NULL,large,NULL
20098,20000,30a32b158f5640998620b9212ea76300_embedding.npy,/code/temp/30a32b158f5640998620b9212ea76300_embedding.npy,1d-embedding,81,1569,/code/temp/de9e6ee4fdb84072a8f6d25ea35f0df4_features.npy,/code/temp/25a9cdea476548a7b3b850d8e6c908ca_cluster_ids_small.npy,NULL,/code/temp/57add66f295042848b764072145a3238_average_values_small.npy,NULL,small,NULL
20099,20000,30a32b158f5640998620b9212ea76300_embedding.npy,/code/temp/30a32b158f5640998620b9212ea76300_embedding.npy,1d-embedding,81,1569,/code/temp/de9e6ee4fdb84072a8f6d25ea35f0df4_features.npy,/code/temp/2d4dc9a0ac304cffa63f2bfffac40974_cluster_ids_large.npy,NULL,/code/temp/6e7fb8afc55f4e5ea2ffbc0b3aadf5a9_average_values_large.npy,NULL,large,NULL
20206,10000,16459e101e694a5d931eeb03d1190056_embedding.npy,/code/temp/16459e101e694a5d931eeb03d1190056_embedding.npy,2d-embedding,NULL,1569,NULL,/code/temp/1f66b93cbc93422a82066a21c0cc642b_cluster_ids_small.npy,NULL,/code/temp/30781c1dd2c542d3b6f17fd04d09c35f_thumbnails_small.npy,ICCF,small,477
20207,10000,16459e101e694a5d931eeb03d1190056_embedding.npy,/code/temp/16459e101e694a5d931eeb03d1190056_embedding.npy,2d-embedding,NULL,1569,NULL,/code/temp/3330c69e86a64ad28978bef477207cd4_cluster_ids_large.npy,NULL,/code/temp/264d0b3fbb80400eb2f3807c298b19c7_thumbnails_large.npy,ICCF,large,477
20212,10000,89942a75264e4525a8c90f39befcceec_embedding.npy,/code/temp/89942a75264e4525a8c90f39befcceec_embedding.npy,2d-embedding,NULL,1569,NULL,/code/temp/25bccc6a02954da1b009f389a2907989_cluster_ids_small.npy,NULL,/code/temp/9d1ebee7f96a49e088eeb10e042fc79e_thumbnails_small.npy,Obs/Exp,small,477
20213,10000,89942a75264e4525a8c90f39befcceec_embedding.npy,/code/temp/89942a75264e4525a8c90f39befcceec_embedding.npy,2d-embedding,NULL,1569,NULL,/code/temp/7bf446f3563d4c46b52df83e7ce74ad6_cluster_ids_large.npy,NULL,/code/temp/cd2ddf5778504c52990431cadc476b74_thumbnails_large.npy,Obs/Exp,large,477
19918,20000,6f65ca2b0ab24fe3a8a54c22c3aef5af_embedding.npy,/code/temp/6f65ca2b0ab24fe3a8a54c22c3aef5af_embedding.npy,2d-embedding,NULL,1570,NULL,/code/temp/821b67671535487bbbc6e265642ca726_cluster_ids_small.npy,NULL,/code/temp/16c7fac720364abea1d8d1469842d4ec_thumbnails_small.npy,ICCF,small,146
19919,20000,6f65ca2b0ab24fe3a8a54c22c3aef5af_embedding.npy,/code/temp/6f65ca2b0ab24fe3a8a54c22c3aef5af_embedding.npy,2d-embedding,NULL,1570,NULL,/code/temp/ca0d3beb2ce846c2a40f9b9d2c229af8_cluster_ids_large.npy,NULL,/code/temp/36366b0db99c4574b60061cfd2705606_thumbnails_large.npy,ICCF,large,146
19922,20000,0332a78fad6746f2b580d16a32e5b14e_embedding.npy,/code/temp/0332a78fad6746f2b580d16a32e5b14e_embedding.npy,2d-embedding,NULL,1570,NULL,/code/temp/e196f5ff4a634d19926774255dbe662a_cluster_ids_small.npy,NULL,/code/temp/7d161dacab5f40f48459cf59de4723d3_thumbnails_small.npy,Obs/Exp,small,146
19923,20000,0332a78fad6746f2b580d16a32e5b14e_embedding.npy,/code/temp/0332a78fad6746f2b580d16a32e5b14e_embedding.npy,2d-embedding,NULL,1570,NULL,/code/temp/014e21d39d5d4b5390e38114e0284604_cluster_ids_large.npy,NULL,/code/temp/f24308cc621c4ba68b9717dca420e652_thumbnails_large.npy,Obs/Exp,large,146
20092,50000,0c0d3904c48f4c10a862c4e50e3fb13a_embedding.npy,/code/temp/0c0d3904c48f4c10a862c4e50e3fb13a_embedding.npy,1d-embedding,81,1570,/code/temp/1b17134b780341acb39644764ad16383_features.npy,/code/temp/d5fec97d0b4b438a962e4bbb3e910136_cluster_ids_small.npy,NULL,/code/temp/f586f7c688434725a74e7a873346b6c8_average_values_small.npy,NULL,small,NULL
20093,50000,0c0d3904c48f4c10a862c4e50e3fb13a_embedding.npy,/code/temp/0c0d3904c48f4c10a862c4e50e3fb13a_embedding.npy,1d-embedding,81,1570,/code/temp/1b17134b780341acb39644764ad16383_features.npy,/code/temp/abdc3d6e9aa040139fb39e3e2c03cd3f_cluster_ids_large.npy,NULL,/code/temp/e0ba7ee04ee04678bfe9768a7816d577_average_values_large.npy,NULL,large,NULL
20100,20000,b04d5ae3a89845159234750c0da6b8a3_embedding.npy,/code/temp/b04d5ae3a89845159234750c0da6b8a3_embedding.npy,1d-embedding,81,1570,/code/temp/9d3e20631f054c288f7e38851cc621f6_features.npy,/code/temp/fe157993697844a7a9a9f1eee1a3e574_cluster_ids_small.npy,NULL,/code/temp/a03df203c9e64e769fe21503e29be8ed_average_values_small.npy,NULL,small,NULL
20101,20000,b04d5ae3a89845159234750c0da6b8a3_embedding.npy,/code/temp/b04d5ae3a89845159234750c0da6b8a3_embedding.npy,1d-embedding,81,1570,/code/temp/9d3e20631f054c288f7e38851cc621f6_features.npy,/code/temp/9a472f278f4345ea9ee2e2ced623b19a_cluster_ids_large.npy,NULL,/code/temp/af0f24692d3e407c85f52d9871c701a5_average_values_large.npy,NULL,large,NULL
20106,100000,d676f4a7f76045daaefb7a63d0b633f2_embedding.npy,/code/temp/d676f4a7f76045daaefb7a63d0b633f2_embedding.npy,1d-embedding,81,1570,/code/temp/aec8c5d272414d4fa120988df47e88d5_features.npy,/code/temp/c6fee78beb1d4ec08b41ec4549babbee_cluster_ids_small.npy,NULL,/code/temp/113febeb6b4e4242943212bd00627627_average_values_small.npy,NULL,small,NULL
20107,100000,d676f4a7f76045daaefb7a63d0b633f2_embedding.npy,/code/temp/d676f4a7f76045daaefb7a63d0b633f2_embedding.npy,1d-embedding,81,1570,/code/temp/aec8c5d272414d4fa120988df47e88d5_features.npy,/code/temp/2065efc0f89748699bddff7bfee4361e_cluster_ids_large.npy,NULL,/code/temp/f8772db28c414e008af3483571d591ab_average_values_large.npy,NULL,large,NULL
20238,20000,52aa43e5cf33450e9d7e62aba2373d67_embedding.npy,/code/temp/52aa43e5cf33450e9d7e62aba2373d67_embedding.npy,2d-embedding,NULL,1570,NULL,/code/temp/f27e952510184ae3877c09cec244781f_cluster_ids_small.npy,NULL,/code/temp/2bbc4a1cc17041479b053d8012a987e3_thumbnails_small.npy,ICCF,small,477
20239,20000,52aa43e5cf33450e9d7e62aba2373d67_embedding.npy,/code/temp/52aa43e5cf33450e9d7e62aba2373d67_embedding.npy,2d-embedding,NULL,1570,NULL,/code/temp/742c061da7944d4ca55e07799a63d853_cluster_ids_large.npy,NULL,/code/temp/b6ed04e238db4dcb98db33f6cd87677e_thumbnails_large.npy,ICCF,large,477
20262,20000,8d7daa7200b84a4596bab225b0ddd0e0_embedding.npy,/code/temp/8d7daa7200b84a4596bab225b0ddd0e0_embedding.npy,2d-embedding,NULL,1570,NULL,/code/temp/31275a832c664e28a79a4905da175c47_cluster_ids_small.npy,NULL,/code/temp/03dd88b362b04fca8dac3cc0b3507902_thumbnails_small.npy,Obs/Exp,small,477
20263,20000,8d7daa7200b84a4596bab225b0ddd0e0_embedding.npy,/code/temp/8d7daa7200b84a4596bab225b0ddd0e0_embedding.npy,2d-embedding,NULL,1570,NULL,/code/temp/5197183833f34f5a9b5fd7ea8f8d3ad9_cluster_ids_large.npy,NULL,/code/temp/474763ced2384d4498c304aeb4e1503b_thumbnails_large.npy,Obs/Exp,large,477
19920,50000,a1584a9f85ab44e5ac89e00a749b509a_embedding.npy,/code/temp/a1584a9f85ab44e5ac89e00a749b509a_embedding.npy,2d-embedding,NULL,1571,NULL,/code/temp/557b295dde5d48b6aa20dfd8f7d4f58f_cluster_ids_small.npy,NULL,/code/temp/af49e76e13694c478a4b4bb00287a93e_thumbnails_small.npy,ICCF,small,146
19921,50000,a1584a9f85ab44e5ac89e00a749b509a_embedding.npy,/code/temp/a1584a9f85ab44e5ac89e00a749b509a_embedding.npy,2d-embedding,NULL,1571,NULL,/code/temp/b4ff0ec68115446a9b20e041ef408c57_cluster_ids_large.npy,NULL,/code/temp/764688d0541b49c7a5f5d175bce05656_thumbnails_large.npy,ICCF,large,146
19924,50000,80d862520e8b4158a9293b4ea7041eb6_embedding.npy,/code/temp/80d862520e8b4158a9293b4ea7041eb6_embedding.npy,2d-embedding,NULL,1571,NULL,/code/temp/77549cc717bc43c5a4502699c95527fa_cluster_ids_small.npy,NULL,/code/temp/9b5c90dd87454ed0b89f4d7f85963296_thumbnails_small.npy,Obs/Exp,small,146
19925,50000,80d862520e8b4158a9293b4ea7041eb6_embedding.npy,/code/temp/80d862520e8b4158a9293b4ea7041eb6_embedding.npy,2d-embedding,NULL,1571,NULL,/code/temp/e611c50ac4c645b0af30dc1deb85be0b_cluster_ids_large.npy,NULL,/code/temp/35874f99789a40969389c211014719a7_thumbnails_large.npy,Obs/Exp,large,146
20110,50000,dad8e826908d4511a1cb915370548e13_embedding.npy,/code/temp/dad8e826908d4511a1cb915370548e13_embedding.npy,1d-embedding,81,1571,/code/temp/635bcb0040b5430cafeecb692001e613_features.npy,/code/temp/90a5a5823a604516a05ec653686e7cc4_cluster_ids_small.npy,NULL,/code/temp/384f01e0c8c34ebfbb4735d6f9fb7fb4_average_values_small.npy,NULL,small,NULL
20111,50000,dad8e826908d4511a1cb915370548e13_embedding.npy,/code/temp/dad8e826908d4511a1cb915370548e13_embedding.npy,1d-embedding,81,1571,/code/temp/635bcb0040b5430cafeecb692001e613_features.npy,/code/temp/258bc31fb3784b588b368438e3113e09_cluster_ids_large.npy,NULL,/code/temp/409653af1da34097a54cb486584ab6b8_average_values_large.npy,NULL,large,NULL
20114,100000,cb082f98b0044790bbfca3be1d4f0c8f_embedding.npy,/code/temp/cb082f98b0044790bbfca3be1d4f0c8f_embedding.npy,1d-embedding,81,1571,/code/temp/d260b431b30c4888b6794ec2dad4fb71_features.npy,/code/temp/a033fc7092304599b10ee3a75d32acce_cluster_ids_small.npy,NULL,/code/temp/d5fdbe7c83674365bf5ab5dd374e5a9c_average_values_small.npy,NULL,small,NULL
20115,100000,cb082f98b0044790bbfca3be1d4f0c8f_embedding.npy,/code/temp/cb082f98b0044790bbfca3be1d4f0c8f_embedding.npy,1d-embedding,81,1571,/code/temp/d260b431b30c4888b6794ec2dad4fb71_features.npy,/code/temp/7152f522bd9a4208a63e220e57816a10_cluster_ids_large.npy,NULL,/code/temp/797e6b10fdc34307996f0cff68e530c6_average_values_large.npy,NULL,large,NULL
20116,200000,e77c509e86f24091b693d4a2dc6ea78c_embedding.npy,/code/temp/e77c509e86f24091b693d4a2dc6ea78c_embedding.npy,1d-embedding,81,1571,/code/temp/e094dff77931423580b2c26235e25a0b_features.npy,/code/temp/a287b23f0d694db795fce199e14d3b21_cluster_ids_small.npy,NULL,/code/temp/f175601c8a634be486092f6622af5e07_average_values_small.npy,NULL,small,NULL
20117,200000,e77c509e86f24091b693d4a2dc6ea78c_embedding.npy,/code/temp/e77c509e86f24091b693d4a2dc6ea78c_embedding.npy,1d-embedding,81,1571,/code/temp/e094dff77931423580b2c26235e25a0b_features.npy,/code/temp/b06010921ef84bedae7d9d6f6370a96c_cluster_ids_large.npy,NULL,/code/temp/c597e9dd56c34ebe8b81fb9ed21c2e03_average_values_large.npy,NULL,large,NULL
20286,50000,709fadb3ecb345948decab2514c11329_embedding.npy,/code/temp/709fadb3ecb345948decab2514c11329_embedding.npy,2d-embedding,NULL,1571,NULL,/code/temp/869a348e2b67469b889ff7221bb2a041_cluster_ids_small.npy,NULL,/code/temp/ffabd7e66b2e4db5b2cbe6868fbcc40f_thumbnails_small.npy,ICCF,small,477
20287,50000,709fadb3ecb345948decab2514c11329_embedding.npy,/code/temp/709fadb3ecb345948decab2514c11329_embedding.npy,2d-embedding,NULL,1571,NULL,/code/temp/31f549c27ebd41c68e007e957c70cc83_cluster_ids_large.npy,NULL,/code/temp/7eaeb62c824e410eaad392a8960479ec_thumbnails_large.npy,ICCF,large,477
20302,50000,1697a3dbf8944b84bd04bbc2e88bc9b8_embedding.npy,/code/temp/1697a3dbf8944b84bd04bbc2e88bc9b8_embedding.npy,2d-embedding,NULL,1571,NULL,/code/temp/f2180a86dd7b478f94926784aa68c198_cluster_ids_small.npy,NULL,/code/temp/9a17df996a5c4571880a923ee8035cea_thumbnails_small.npy,Obs/Exp,small,477
20303,50000,1697a3dbf8944b84bd04bbc2e88bc9b8_embedding.npy,/code/temp/1697a3dbf8944b84bd04bbc2e88bc9b8_embedding.npy,2d-embedding,NULL,1571,NULL,/code/temp/b580dae09c7e4e199db310dc229ade27_cluster_ids_large.npy,NULL,/code/temp/9407c771dadf4e228385a9e42e0d4e2a_thumbnails_large.npy,Obs/Exp,large,477
21518,2000,bf8a4522a24d4f0a8eafcdd076357125_embedding.npy,/code/temp/bf8a4522a24d4f0a8eafcdd076357125_embedding.npy,1d-embedding,78,1654,/code/temp/cf8911506c884f199fc7c94a66bca07d_features.npy,/code/temp/94cc3b686c014be8a192227640835cb1_cluster_ids_small.npy,NULL,/code/temp/3c5dfd57e03c4b37918d9be00ee1e656_average_values_small.npy,NULL,small,NULL
21519,2000,bf8a4522a24d4f0a8eafcdd076357125_embedding.npy,/code/temp/bf8a4522a24d4f0a8eafcdd076357125_embedding.npy,1d-embedding,78,1654,/code/temp/cf8911506c884f199fc7c94a66bca07d_features.npy,/code/temp/7da1b5d0d9674c8293b0a1a31df7e0e1_cluster_ids_large.npy,NULL,/code/temp/9d84cb9621044a92b123d30ea17434d4_average_values_large.npy,NULL,large,NULL
21520,1000,6519db00c8da4b3db8eea8c802937f42_embedding.npy,/code/temp/6519db00c8da4b3db8eea8c802937f42_embedding.npy,1d-embedding,78,1654,/code/temp/4b9c30f163944ef7991fb017ad4727e3_features.npy,/code/temp/6ac92880a76c477286197d59d4761848_cluster_ids_small.npy,NULL,/code/temp/7205e760125c4905aac4cc25f7fba856_average_values_small.npy,NULL,small,NULL
21521,1000,6519db00c8da4b3db8eea8c802937f42_embedding.npy,/code/temp/6519db00c8da4b3db8eea8c802937f42_embedding.npy,1d-embedding,78,1654,/code/temp/4b9c30f163944ef7991fb017ad4727e3_features.npy,/code/temp/e12133fe5746490bbc095f558c78ea86_cluster_ids_large.npy,NULL,/code/temp/0046a1bc82ac457886cbc0646cfdb85e_average_values_large.npy,NULL,large,NULL
21524,5000,96a631bb38594f9eb1624ff6a66038f6_embedding.npy,/code/temp/96a631bb38594f9eb1624ff6a66038f6_embedding.npy,1d-embedding,78,1655,/code/temp/787256cb1c274a39af43474b6cbaba18_features.npy,/code/temp/ff9115455d8f4d928c533da96477762a_cluster_ids_small.npy,NULL,/code/temp/506a129737d240bfa32085acf9faf501_average_values_small.npy,NULL,small,NULL
21525,5000,96a631bb38594f9eb1624ff6a66038f6_embedding.npy,/code/temp/96a631bb38594f9eb1624ff6a66038f6_embedding.npy,1d-embedding,78,1655,/code/temp/787256cb1c274a39af43474b6cbaba18_features.npy,/code/temp/5546842490a24d679224152b896efa7d_cluster_ids_large.npy,NULL,/code/temp/30e7ae4ed1fa48ae8517cf59e5913377_average_values_large.npy,NULL,large,NULL
21526,10000,9134a4d5d9a244e4897fdf17efe448ef_embedding.npy,/code/temp/9134a4d5d9a244e4897fdf17efe448ef_embedding.npy,1d-embedding,78,1655,/code/temp/9de0dfcd4f674e33becb45db89beea03_features.npy,/code/temp/ba9dacf3042d426f90e6ff6e7437fed9_cluster_ids_small.npy,NULL,/code/temp/812f2a8fdd744ce6a765dbb9a095c093_average_values_small.npy,NULL,small,NULL
21527,10000,9134a4d5d9a244e4897fdf17efe448ef_embedding.npy,/code/temp/9134a4d5d9a244e4897fdf17efe448ef_embedding.npy,1d-embedding,78,1655,/code/temp/9de0dfcd4f674e33becb45db89beea03_features.npy,/code/temp/059a9cab55794bad966a968ff44a43da_cluster_ids_large.npy,NULL,/code/temp/31be17f2743d45da9b7467d54d4fc887_average_values_large.npy,NULL,large,NULL
21532,2000,4d38d33a140d4f138526a0a0c1b7215c_embedding.npy,/code/temp/4d38d33a140d4f138526a0a0c1b7215c_embedding.npy,1d-embedding,78,1655,/code/temp/07755db3350f4c2bb88f5dd3f6bb4590_features.npy,/code/temp/14f1da61738742d58f49996bf215bcc7_cluster_ids_small.npy,NULL,/code/temp/435ccb074acd4a8888107d65a92571f2_average_values_small.npy,NULL,small,NULL
21533,2000,4d38d33a140d4f138526a0a0c1b7215c_embedding.npy,/code/temp/4d38d33a140d4f138526a0a0c1b7215c_embedding.npy,1d-embedding,78,1655,/code/temp/07755db3350f4c2bb88f5dd3f6bb4590_features.npy,/code/temp/52616945c81249fca983bb27a4b240d6_cluster_ids_large.npy,NULL,/code/temp/3552b95494474824ac31eb8db56fd348_average_values_large.npy,NULL,large,NULL
21522,10000,d7a51f3845804785aaa906676bb69cf9_embedding.npy,/code/temp/d7a51f3845804785aaa906676bb69cf9_embedding.npy,1d-embedding,78,1656,/code/temp/98ec0fffa23643a58ce981605e2bd0c4_features.npy,/code/temp/d457032097b2478f863e97a458c5d530_cluster_ids_small.npy,NULL,/code/temp/fb588b2972aa4545a9141913042074f3_average_values_small.npy,NULL,small,NULL
21523,10000,d7a51f3845804785aaa906676bb69cf9_embedding.npy,/code/temp/d7a51f3845804785aaa906676bb69cf9_embedding.npy,1d-embedding,78,1656,/code/temp/98ec0fffa23643a58ce981605e2bd0c4_features.npy,/code/temp/6ebd98034ab840ea9960e4d07d0bb4cb_cluster_ids_large.npy,NULL,/code/temp/b0aa4a7abbf44b05b0682f2be4838fe7_average_values_large.npy,NULL,large,NULL
21528,5000,9f75e856577e49caa8b0d796b7861ac7_embedding.npy,/code/temp/9f75e856577e49caa8b0d796b7861ac7_embedding.npy,1d-embedding,78,1656,/code/temp/ae94e85e7e77413dbe31cf30e1317955_features.npy,/code/temp/d7499ee6181c43889b07d203fb9368c6_cluster_ids_small.npy,NULL,/code/temp/e898a39852b84bb7a3c10cb98a15f076_average_values_small.npy,NULL,small,NULL
21529,5000,9f75e856577e49caa8b0d796b7861ac7_embedding.npy,/code/temp/9f75e856577e49caa8b0d796b7861ac7_embedding.npy,1d-embedding,78,1656,/code/temp/ae94e85e7e77413dbe31cf30e1317955_features.npy,/code/temp/69a16239ffd6412f8fe90bc163f1bd3d_cluster_ids_large.npy,NULL,/code/temp/7a40aa3105cf4755902983e8e4aceee6_average_values_large.npy,NULL,large,NULL
21530,20000,f838db8cb0b04c7bb78310332bcdda64_embedding.npy,/code/temp/f838db8cb0b04c7bb78310332bcdda64_embedding.npy,1d-embedding,78,1656,/code/temp/35b64a8bb7b94b3aabee3ad275f7b2eb_features.npy,/code/temp/30d6408d76aa4f63ac994eec52c8f9b2_cluster_ids_small.npy,NULL,/code/temp/3a01f09add5a42e688695d3d42914050_average_values_small.npy,NULL,small,NULL
21531,20000,f838db8cb0b04c7bb78310332bcdda64_embedding.npy,/code/temp/f838db8cb0b04c7bb78310332bcdda64_embedding.npy,1d-embedding,78,1656,/code/temp/35b64a8bb7b94b3aabee3ad275f7b2eb_features.npy,/code/temp/dd21a63574184a2fa917e4e466b98481_cluster_ids_large.npy,NULL,/code/temp/ec0ad880f12a44b9a3a85ecd77e3a244_average_values_large.npy,NULL,large,NULL
21534,20000,e2f23f670de94e2791ac1d4b880bc1d6_embedding.npy,/code/temp/e2f23f670de94e2791ac1d4b880bc1d6_embedding.npy,1d-embedding,78,1657,/code/temp/96895f09a26b40fd99073969df6b257c_features.npy,/code/temp/00c4779b9d444a5091ffa4268d9c32fd_cluster_ids_small.npy,NULL,/code/temp/b22964991f1741b3a9405494757e3dc8_average_values_small.npy,NULL,small,NULL
21535,20000,e2f23f670de94e2791ac1d4b880bc1d6_embedding.npy,/code/temp/e2f23f670de94e2791ac1d4b880bc1d6_embedding.npy,1d-embedding,78,1657,/code/temp/96895f09a26b40fd99073969df6b257c_features.npy,/code/temp/48e3bb6b788845ce9e65fc0b344b79eb_cluster_ids_large.npy,NULL,/code/temp/1d4e0e18df0142218e964f2671d2bfd3_average_values_large.npy,NULL,large,NULL
21536,50000,55c08f05d4904f29bfa9b8708905224a_embedding.npy,/code/temp/55c08f05d4904f29bfa9b8708905224a_embedding.npy,1d-embedding,78,1657,/code/temp/084f57ee249c464db6bcf999a1f870af_features.npy,/code/temp/a84837c4170244048631558db7698d83_cluster_ids_small.npy,NULL,/code/temp/eaea4e7e49014f359e86ee66d20f594b_average_values_small.npy,NULL,small,NULL
21537,50000,55c08f05d4904f29bfa9b8708905224a_embedding.npy,/code/temp/55c08f05d4904f29bfa9b8708905224a_embedding.npy,1d-embedding,78,1657,/code/temp/084f57ee249c464db6bcf999a1f870af_features.npy,/code/temp/886fd7d131024dbe985b9c0c7f3221f9_cluster_ids_large.npy,NULL,/code/temp/b6978ac6d5ac4e6881b228a272587b75_average_values_large.npy,NULL,large,NULL
21538,100000,a2cc3d3e40574e4cb6b26f907ebdb0f1_embedding.npy,/code/temp/a2cc3d3e40574e4cb6b26f907ebdb0f1_embedding.npy,1d-embedding,78,1657,/code/temp/4de9e8a2bb8345df8990abbff210588d_features.npy,/code/temp/6c0c46c6481b4322a6ff0cc7266917ca_cluster_ids_small.npy,NULL,/code/temp/995383f6b796433bb90d721410210386_average_values_small.npy,NULL,small,NULL
21539,100000,a2cc3d3e40574e4cb6b26f907ebdb0f1_embedding.npy,/code/temp/a2cc3d3e40574e4cb6b26f907ebdb0f1_embedding.npy,1d-embedding,78,1657,/code/temp/4de9e8a2bb8345df8990abbff210588d_features.npy,/code/temp/95a9fa9539e747a5beb86e71acac2f35_cluster_ids_large.npy,NULL,/code/temp/03c8465d69ce4b6cbbfd0b1e07e58bff_average_values_large.npy,NULL,large,NULL
21540,100000,d05380ce7e22411593f2f96005507805_embedding.npy,/code/temp/d05380ce7e22411593f2f96005507805_embedding.npy,1d-embedding,78,1658,/code/temp/acddc643d6964112b4e2ebda641d7b24_features.npy,/code/temp/4014c359733b4689ad3c9093a5fdbc41_cluster_ids_small.npy,NULL,/code/temp/5ceea628a6c74d4f9352d41ab07590cb_average_values_small.npy,NULL,small,NULL
21541,100000,d05380ce7e22411593f2f96005507805_embedding.npy,/code/temp/d05380ce7e22411593f2f96005507805_embedding.npy,1d-embedding,78,1658,/code/temp/acddc643d6964112b4e2ebda641d7b24_features.npy,/code/temp/46acdd49e5f14e8586e8f0a9107212f7_cluster_ids_large.npy,NULL,/code/temp/1d364de1fd6449bd8553be4f609446a2_average_values_large.npy,NULL,large,NULL
21542,200000,118fde671a664fb0971f71e2b7dd3542_embedding.npy,/code/temp/118fde671a664fb0971f71e2b7dd3542_embedding.npy,1d-embedding,78,1658,/code/temp/b0d1f99fb6d444d184e7e527a064b0b3_features.npy,/code/temp/c96f0b96e2e14c3ab2f1a4d4336c2bda_cluster_ids_small.npy,NULL,/code/temp/8268029567014174a714450d8c284765_average_values_small.npy,NULL,small,NULL
21543,200000,118fde671a664fb0971f71e2b7dd3542_embedding.npy,/code/temp/118fde671a664fb0971f71e2b7dd3542_embedding.npy,1d-embedding,78,1658,/code/temp/b0d1f99fb6d444d184e7e527a064b0b3_features.npy,/code/temp/b31c2c1f87994d008dbe32b14f3af1f9_cluster_ids_large.npy,NULL,/code/temp/1750742181674e51be57f328550fce06_average_values_large.npy,NULL,large,NULL
21544,50000,3e1e0d26846b49298f42b0c3c6d6a846_embedding.npy,/code/temp/3e1e0d26846b49298f42b0c3c6d6a846_embedding.npy,1d-embedding,78,1658,/code/temp/4c58541224024b39be5c233a0da7493d_features.npy,/code/temp/1e74544b0d0145339ebed199b95ac63b_cluster_ids_small.npy,NULL,/code/temp/810d24af09bc45319d2cee30450055c9_average_values_small.npy,NULL,small,NULL
21545,50000,3e1e0d26846b49298f42b0c3c6d6a846_embedding.npy,/code/temp/3e1e0d26846b49298f42b0c3c6d6a846_embedding.npy,1d-embedding,78,1658,/code/temp/4c58541224024b39be5c233a0da7493d_features.npy,/code/temp/5b82cfa679ae43f690b4aa2e2dc06e97_cluster_ids_large.npy,NULL,/code/temp/2098f6316f95446eadccd4766d345ec2_average_values_large.npy,NULL,large,NULL
21562,5000,49bba898b8244aecb543d9f54d1f1d03_embedding.npy,/code/temp/49bba898b8244aecb543d9f54d1f1d03_embedding.npy,2d-embedding,NULL,1659,NULL,/code/temp/2bb93c7fd7894fbc952b285cdeaff554_cluster_ids_small.npy,NULL,/code/temp/65bd1d90e44b4127a6a3554975fa60f0_thumbnails_small.npy,ICCF,small,146
21563,5000,49bba898b8244aecb543d9f54d1f1d03_embedding.npy,/code/temp/49bba898b8244aecb543d9f54d1f1d03_embedding.npy,2d-embedding,NULL,1659,NULL,/code/temp/66ccb95d63224ee4bcf55b0c2bd11173_cluster_ids_large.npy,NULL,/code/temp/3cb8705f686244759401bd84aaaeed85_thumbnails_large.npy,ICCF,large,146
21568,5000,28ee7473deff4ad4bd1f3c7b44080c6b_embedding.npy,/code/temp/28ee7473deff4ad4bd1f3c7b44080c6b_embedding.npy,2d-embedding,NULL,1659,NULL,/code/temp/50bb6c80d38844d494a4648c9ae29798_cluster_ids_small.npy,NULL,/code/temp/55f9880cc80a445da2f9760ac9fc95bb_thumbnails_small.npy,Obs/Exp,small,146
21569,5000,28ee7473deff4ad4bd1f3c7b44080c6b_embedding.npy,/code/temp/28ee7473deff4ad4bd1f3c7b44080c6b_embedding.npy,2d-embedding,NULL,1659,NULL,/code/temp/48347ffab98a409c9b313e4b4e41726e_cluster_ids_large.npy,NULL,/code/temp/315bdde56f73420bb274830ece577d7c_thumbnails_large.npy,Obs/Exp,large,146
21572,5000,0b24788089194bb68cee16d4da4574b5_embedding.npy,/code/temp/0b24788089194bb68cee16d4da4574b5_embedding.npy,2d-embedding,NULL,1660,NULL,/code/temp/075d0a57eb5e46168d3efc8fc0744f56_cluster_ids_small.npy,NULL,/code/temp/047ca1f144524d908fd6b76a17e144e6_thumbnails_small.npy,ICCF,small,146
21573,5000,0b24788089194bb68cee16d4da4574b5_embedding.npy,/code/temp/0b24788089194bb68cee16d4da4574b5_embedding.npy,2d-embedding,NULL,1660,NULL,/code/temp/46b1b876de744f5790dc0d0199c2a7a2_cluster_ids_large.npy,NULL,/code/temp/44ef6bb5a69c4b14a6650179082f2e08_thumbnails_large.npy,ICCF,large,146
21578,5000,1f4159982d6341d5b29a14b874ed03e1_embedding.npy,/code/temp/1f4159982d6341d5b29a14b874ed03e1_embedding.npy,2d-embedding,NULL,1660,NULL,/code/temp/92fcb83cb6ca4bfdb40f4ff7bb0c315c_cluster_ids_small.npy,NULL,/code/temp/b96f4c1c3f514ec29058b3f316438ebd_thumbnails_small.npy,Obs/Exp,small,146
21579,5000,1f4159982d6341d5b29a14b874ed03e1_embedding.npy,/code/temp/1f4159982d6341d5b29a14b874ed03e1_embedding.npy,2d-embedding,NULL,1660,NULL,/code/temp/80baba4060ba4290b76b21bf5452448b_cluster_ids_large.npy,NULL,/code/temp/ac0f9c7fe17e46d99f14707e090bffea_thumbnails_large.npy,Obs/Exp,large,146
21570,10000,cef85b6165bd4fbf8ca35ecb3dec95dd_embedding.npy,/code/temp/cef85b6165bd4fbf8ca35ecb3dec95dd_embedding.npy,2d-embedding,NULL,1661,NULL,/code/temp/af83f17bee0549b98b82cb5573ce1b26_cluster_ids_small.npy,NULL,/code/temp/0481b30d428242499cb3f5ffd5600c2c_thumbnails_small.npy,ICCF,small,146
21571,10000,cef85b6165bd4fbf8ca35ecb3dec95dd_embedding.npy,/code/temp/cef85b6165bd4fbf8ca35ecb3dec95dd_embedding.npy,2d-embedding,NULL,1661,NULL,/code/temp/920ca6be9d074f658ca0ffbbd87dea43_cluster_ids_large.npy,NULL,/code/temp/0bea373cdb164ba3ae829a7cf1f46986_thumbnails_large.npy,ICCF,large,146
21576,10000,54b6b8f467004d6aac3dae5b7faff9a8_embedding.npy,/code/temp/54b6b8f467004d6aac3dae5b7faff9a8_embedding.npy,2d-embedding,NULL,1661,NULL,/code/temp/bbf292b54f6c40bf919d02455e9403b6_cluster_ids_small.npy,NULL,/code/temp/8062756bb5ba4c8d84b555bca6e022dd_thumbnails_small.npy,Obs/Exp,small,146
21577,10000,54b6b8f467004d6aac3dae5b7faff9a8_embedding.npy,/code/temp/54b6b8f467004d6aac3dae5b7faff9a8_embedding.npy,2d-embedding,NULL,1661,NULL,/code/temp/b3d21483522b49e8bdb62f198cc20576_cluster_ids_large.npy,NULL,/code/temp/6ffdfcb31d4f4b97b55c37ccaf4ba4a0_thumbnails_large.npy,Obs/Exp,large,146
21574,20000,208224eda56244108fcd03fa2a37b0d8_embedding.npy,/code/temp/208224eda56244108fcd03fa2a37b0d8_embedding.npy,2d-embedding,NULL,1662,NULL,/code/temp/f20dbdf722e741ccb607ee208a5f2feb_cluster_ids_small.npy,NULL,/code/temp/af286c25b4594ef180053db8ef2a925d_thumbnails_small.npy,ICCF,small,146
21575,20000,208224eda56244108fcd03fa2a37b0d8_embedding.npy,/code/temp/208224eda56244108fcd03fa2a37b0d8_embedding.npy,2d-embedding,NULL,1662,NULL,/code/temp/5a0ea2c9c8e142f4b7961907900dcd2d_cluster_ids_large.npy,NULL,/code/temp/11b2ff65e2e641ea8e1e9f2f90fd8cbd_thumbnails_large.npy,ICCF,large,146
21580,20000,fca76cf393f84f958a5a271d6eaae664_embedding.npy,/code/temp/fca76cf393f84f958a5a271d6eaae664_embedding.npy,2d-embedding,NULL,1662,NULL,/code/temp/2107c83b299043e4af542505c41e8c7a_cluster_ids_small.npy,NULL,/code/temp/726b4e5316bb4d138ee025d3740272cd_thumbnails_small.npy,Obs/Exp,small,146
21581,20000,fca76cf393f84f958a5a271d6eaae664_embedding.npy,/code/temp/fca76cf393f84f958a5a271d6eaae664_embedding.npy,2d-embedding,NULL,1662,NULL,/code/temp/43921d4ba5884cc9808af0f6abcc3cc7_cluster_ids_large.npy,NULL,/code/temp/7789659143bc45e19423e17c97efc6ea_thumbnails_large.npy,Obs/Exp,large,146
21582,50000,7d54e5c142f24a7bb4ba7e70663fef96_embedding.npy,/code/temp/7d54e5c142f24a7bb4ba7e70663fef96_embedding.npy,2d-embedding,NULL,1663,NULL,/code/temp/1ce6c96bbf9a46c78e29cb5825300b81_cluster_ids_small.npy,NULL,/code/temp/e96bee62d1ed474e947cb1d838994174_thumbnails_small.npy,ICCF,small,146
21583,50000,7d54e5c142f24a7bb4ba7e70663fef96_embedding.npy,/code/temp/7d54e5c142f24a7bb4ba7e70663fef96_embedding.npy,2d-embedding,NULL,1663,NULL,/code/temp/6165690e0e8c411694da48c74dd31319_cluster_ids_large.npy,NULL,/code/temp/cfaac128a0ac4e8a826cdf260fa7303f_thumbnails_large.npy,ICCF,large,146
21584,50000,8a6d1ed73e534854a0ccfdf43bfe9eb7_embedding.npy,/code/temp/8a6d1ed73e534854a0ccfdf43bfe9eb7_embedding.npy,2d-embedding,NULL,1663,NULL,/code/temp/5ee8f2933bcb47af9850940c63196074_cluster_ids_small.npy,NULL,/code/temp/398e852ddb7f43278f6e9a463ed84499_thumbnails_small.npy,Obs/Exp,small,146
21585,50000,8a6d1ed73e534854a0ccfdf43bfe9eb7_embedding.npy,/code/temp/8a6d1ed73e534854a0ccfdf43bfe9eb7_embedding.npy,2d-embedding,NULL,1663,NULL,/code/temp/e05a8c4bbdf4408d92e188b0313ed78f_cluster_ids_large.npy,NULL,/code/temp/3f6cb92bb9db46feaea76a13b9fbe476_thumbnails_large.npy,Obs/Exp,large,146
21548,5000,a6cf3c8f8de4412c942ca34a68971f09_embedding.npy,/code/temp/a6cf3c8f8de4412c942ca34a68971f09_embedding.npy,2d-embedding,NULL,1664,NULL,/code/temp/64bbfed6753b421b8de83cecab46d888_cluster_ids_small.npy,NULL,/code/temp/5253b15993ac44959c26316024432277_thumbnails_small.npy,ICCF,small,146
21549,5000,a6cf3c8f8de4412c942ca34a68971f09_embedding.npy,/code/temp/a6cf3c8f8de4412c942ca34a68971f09_embedding.npy,2d-embedding,NULL,1664,NULL,/code/temp/85d186ad3c3647b798eba0faaedbe181_cluster_ids_large.npy,NULL,/code/temp/1b1054a15f104744b8665f59668b9f77_thumbnails_large.npy,ICCF,large,146
21554,5000,a65949d02ed3486099660f6c38bb94ff_embedding.npy,/code/temp/a65949d02ed3486099660f6c38bb94ff_embedding.npy,2d-embedding,NULL,1664,NULL,/code/temp/2263cae4e5cf4f6c9e90d5dec6c5f5e2_cluster_ids_small.npy,NULL,/code/temp/ba0d69c8faf644f38555dbc2ffd7c134_thumbnails_small.npy,Obs/Exp,small,146
21555,5000,a65949d02ed3486099660f6c38bb94ff_embedding.npy,/code/temp/a65949d02ed3486099660f6c38bb94ff_embedding.npy,2d-embedding,NULL,1664,NULL,/code/temp/8520013c184844a9b175f544c7295712_cluster_ids_large.npy,NULL,/code/temp/e2c7005880da4331a8396d1e79d8e195_thumbnails_large.npy,Obs/Exp,large,146
21586,2000,b2262678591b4ae1aeb69444f4a45e93_embedding.npy,/code/temp/b2262678591b4ae1aeb69444f4a45e93_embedding.npy,2d-embedding,NULL,1664,NULL,/code/temp/3d887634c55b44a8b2b7a5a2a0093742_cluster_ids_small.npy,NULL,/code/temp/cba9b92aed6944a38db536fffafd45bb_thumbnails_small.npy,ICCF,small,146
21587,2000,b2262678591b4ae1aeb69444f4a45e93_embedding.npy,/code/temp/b2262678591b4ae1aeb69444f4a45e93_embedding.npy,2d-embedding,NULL,1664,NULL,/code/temp/7627720800f040a79d6502adfddd2829_cluster_ids_large.npy,NULL,/code/temp/ad073a5147bc45628b6fa33006e80877_thumbnails_large.npy,ICCF,large,146
21588,2000,64629183854945c9b93a02f3fed45cc8_embedding.npy,/code/temp/64629183854945c9b93a02f3fed45cc8_embedding.npy,2d-embedding,NULL,1664,NULL,/code/temp/8f6634357f024ce0a58b5aa107c7fc18_cluster_ids_small.npy,NULL,/code/temp/350c1606808247c2879d82b76a1a1e87_thumbnails_small.npy,Obs/Exp,small,146
21589,2000,64629183854945c9b93a02f3fed45cc8_embedding.npy,/code/temp/64629183854945c9b93a02f3fed45cc8_embedding.npy,2d-embedding,NULL,1664,NULL,/code/temp/8cd48b29024d4a7cacb55eb9c3efd904_cluster_ids_large.npy,NULL,/code/temp/31894808e4f44bf496800324960c551d_thumbnails_large.npy,Obs/Exp,large,146
21550,5000,a6a28906a63549e8bea16d4d619b2cdb_embedding.npy,/code/temp/a6a28906a63549e8bea16d4d619b2cdb_embedding.npy,2d-embedding,NULL,1665,NULL,/code/temp/d80bf1fa156c46d69d410627e96a0b42_cluster_ids_small.npy,NULL,/code/temp/ccf1955a631d4d87ba7521e226afbcd0_thumbnails_small.npy,ICCF,small,146
21551,5000,a6a28906a63549e8bea16d4d619b2cdb_embedding.npy,/code/temp/a6a28906a63549e8bea16d4d619b2cdb_embedding.npy,2d-embedding,NULL,1665,NULL,/code/temp/a9cfaa10cb3a40cd919f73a52b5b5825_cluster_ids_large.npy,NULL,/code/temp/e4cb2062abf04f8e9daa76913e91f056_thumbnails_large.npy,ICCF,large,146
21556,5000,bae7cb87a0ec4b7b8fa86c2b0a944d43_embedding.npy,/code/temp/bae7cb87a0ec4b7b8fa86c2b0a944d43_embedding.npy,2d-embedding,NULL,1665,NULL,/code/temp/401bb3d734d04c56b40fc7e4186e16f6_cluster_ids_small.npy,NULL,/code/temp/e5de944f61cb46f295986f06a8d96940_thumbnails_small.npy,Obs/Exp,small,146
21557,5000,bae7cb87a0ec4b7b8fa86c2b0a944d43_embedding.npy,/code/temp/bae7cb87a0ec4b7b8fa86c2b0a944d43_embedding.npy,2d-embedding,NULL,1665,NULL,/code/temp/8f033d96b3c04e9ebb2895e6c012a8de_cluster_ids_large.npy,NULL,/code/temp/ef5152c473074196887818dbbe04791c_thumbnails_large.npy,Obs/Exp,large,146
21546,10000,a12e73d05a454298b5a5a72ed3af17b7_embedding.npy,/code/temp/a12e73d05a454298b5a5a72ed3af17b7_embedding.npy,2d-embedding,NULL,1666,NULL,/code/temp/aca6e57eb3134637bb2e0dbf4706d034_cluster_ids_small.npy,NULL,/code/temp/e0d76e0f5c574b9e853940dbe6884c29_thumbnails_small.npy,ICCF,small,146
21547,10000,a12e73d05a454298b5a5a72ed3af17b7_embedding.npy,/code/temp/a12e73d05a454298b5a5a72ed3af17b7_embedding.npy,2d-embedding,NULL,1666,NULL,/code/temp/5e7dcf80d5974e2fa0935f22879ba4b1_cluster_ids_large.npy,NULL,/code/temp/44992011893c44bca2711e457b147d3b_thumbnails_large.npy,ICCF,large,146
21552,10000,7f0e9f731edf4ddea54290c041216ba1_embedding.npy,/code/temp/7f0e9f731edf4ddea54290c041216ba1_embedding.npy,2d-embedding,NULL,1666,NULL,/code/temp/99ce24b9c400472d9e057beae9c0e583_cluster_ids_small.npy,NULL,/code/temp/982072bc7bf449869b0b4a461ec23d91_thumbnails_small.npy,Obs/Exp,small,146
21553,10000,7f0e9f731edf4ddea54290c041216ba1_embedding.npy,/code/temp/7f0e9f731edf4ddea54290c041216ba1_embedding.npy,2d-embedding,NULL,1666,NULL,/code/temp/55ed402354874917a707d1a6967ae058_cluster_ids_large.npy,NULL,/code/temp/1b20fa2a3b074f01a028c4a4035cfd3a_thumbnails_large.npy,Obs/Exp,large,146
21558,20000,be4acaf80204442a8c81ebce2fcf4a08_embedding.npy,/code/temp/be4acaf80204442a8c81ebce2fcf4a08_embedding.npy,2d-embedding,NULL,1667,NULL,/code/temp/8a966a86cc7d47dbb1b48b0027fd2985_cluster_ids_small.npy,NULL,/code/temp/6cf738027b94411cb0f234a112b73efe_thumbnails_small.npy,ICCF,small,146
21559,20000,be4acaf80204442a8c81ebce2fcf4a08_embedding.npy,/code/temp/be4acaf80204442a8c81ebce2fcf4a08_embedding.npy,2d-embedding,NULL,1667,NULL,/code/temp/faccf6201c0a441da22c4026b148d064_cluster_ids_large.npy,NULL,/code/temp/eb3c2ace11c444fe85db33920fb6138c_thumbnails_large.npy,ICCF,large,146
21564,20000,9e242c73c9cf45ac932aaacf9a90df32_embedding.npy,/code/temp/9e242c73c9cf45ac932aaacf9a90df32_embedding.npy,2d-embedding,NULL,1667,NULL,/code/temp/c772d36b860344aab8da94a872aa9303_cluster_ids_small.npy,NULL,/code/temp/a458ec23ba904869b60737722ac43aba_thumbnails_small.npy,Obs/Exp,small,146
21565,20000,9e242c73c9cf45ac932aaacf9a90df32_embedding.npy,/code/temp/9e242c73c9cf45ac932aaacf9a90df32_embedding.npy,2d-embedding,NULL,1667,NULL,/code/temp/9093f44225a74b07a59feb3816c4cac7_cluster_ids_large.npy,NULL,/code/temp/451a548e251a4525a638a04a5273df4f_thumbnails_large.npy,Obs/Exp,large,146
21560,50000,bad54aa8071547af9036ddc5459dd0d6_embedding.npy,/code/temp/bad54aa8071547af9036ddc5459dd0d6_embedding.npy,2d-embedding,NULL,1668,NULL,/code/temp/5ca739974edb444ba6f8f6ef82944b44_cluster_ids_small.npy,NULL,/code/temp/d411a793152f410a9fbc3997438bd1a1_thumbnails_small.npy,ICCF,small,146
21561,50000,bad54aa8071547af9036ddc5459dd0d6_embedding.npy,/code/temp/bad54aa8071547af9036ddc5459dd0d6_embedding.npy,2d-embedding,NULL,1668,NULL,/code/temp/24ce594a3cff40279ce9beedb8a32183_cluster_ids_large.npy,NULL,/code/temp/b8238c44d7df49bea0834a27e91ca5cd_thumbnails_large.npy,ICCF,large,146
21566,50000,83a4ea5e48da4d33bc4e85e452e528b4_embedding.npy,/code/temp/83a4ea5e48da4d33bc4e85e452e528b4_embedding.npy,2d-embedding,NULL,1668,NULL,/code/temp/faeef405c14242dfbc22cfa1da190839_cluster_ids_small.npy,NULL,/code/temp/44b45a42515044b589a82f698a97e3cb_thumbnails_small.npy,Obs/Exp,small,146
21567,50000,83a4ea5e48da4d33bc4e85e452e528b4_embedding.npy,/code/temp/83a4ea5e48da4d33bc4e85e452e528b4_embedding.npy,2d-embedding,NULL,1668,NULL,/code/temp/95f099b4cf744684b1dcec8febc030d7_cluster_ids_large.npy,NULL,/code/temp/f4410908f8594cf09f0739c7cf3152cb_thumbnails_large.npy,Obs/Exp,large,146
